,mean_fit_time,std_fit_time,mean_score_time,std_score_time,param_C,param_class_weight,param_gamma,param_kernel,params,split0_test_score,split1_test_score,split2_test_score,split3_test_score,split4_test_score,mean_test_score,std_test_score,rank_test_score
0,0.7719611644744873,0.05329830989680333,0.4849827766418457,0.01614957480772453,0.1,,1,rbf,"{'C': 0.1, 'class_weight': None, 'gamma': 1, 'kernel': 'rbf'}",0.6987874920229739,0.6788931788931789,0.6688102893890675,0.698959687906372,0.7013574660633484,0.6893616228549881,0.013090574798618672,95
1,0.5704521179199219,0.038744861148355535,0.08591785430908203,0.024410626947645887,0.1,,1,linear,"{'C': 0.1, 'class_weight': None, 'gamma': 1, 'kernel': 'linear'}",0.7160342717258262,0.6734317343173432,0.6714108910891089,0.7018091079226451,0.7278287461773698,0.6981029502464586,0.022538969612313074,77
2,0.5860741615295411,0.04212712262972491,0.36946988105773926,0.09152999613159407,0.1,,0.1,rbf,"{'C': 0.1, 'class_weight': None, 'gamma': 0.1, 'kernel': 'rbf'}",0.7636800962116658,0.7708458308338333,0.7312614259597807,0.7666256157635468,0.7830591102985984,0.7630944158134849,0.017232673027384748,53
3,0.5999833583831787,0.07759777556068925,0.07550745010375977,0.015169553535332028,0.1,,0.1,linear,"{'C': 0.1, 'class_weight': None, 'gamma': 0.1, 'kernel': 'linear'}",0.7160342717258262,0.6734317343173432,0.6714108910891089,0.7018091079226451,0.7278287461773698,0.6981029502464586,0.022538969612313074,77
4,0.6998130321502686,0.028573527475293594,0.4001008987426758,0.02905779600699693,0.1,,0.01,rbf,"{'C': 0.1, 'class_weight': None, 'gamma': 0.01, 'kernel': 'rbf'}",0.7147220525351253,0.6592729513247072,0.670807453416149,0.6855345911949685,0.7301293900184842,0.6920932876978869,0.026578501832637786,94
5,0.47121243476867675,0.04240712523260623,0.06716127395629883,0.005342856083149875,0.1,,0.01,linear,"{'C': 0.1, 'class_weight': None, 'gamma': 0.01, 'kernel': 'linear'}",0.7160342717258262,0.6734317343173432,0.6714108910891089,0.7018091079226451,0.7278287461773698,0.6981029502464586,0.022538969612313074,77
6,0.7259888172149658,0.02954931396190532,0.6140847682952881,0.09390573638714647,0.1,,0.001,rbf,"{'C': 0.1, 'class_weight': None, 'gamma': 0.001, 'kernel': 'rbf'}",0.038789759503491075,0.027343749999999997,0.031201248049921998,0.011755485893416927,0.015661707126076743,0.024950390114581347,0.009967092561206316,96
7,0.5820841789245605,0.10964671107070782,0.07576193809509277,0.011533117315702135,0.1,,0.001,linear,"{'C': 0.1, 'class_weight': None, 'gamma': 0.001, 'kernel': 'linear'}",0.7160342717258262,0.6734317343173432,0.6714108910891089,0.7018091079226451,0.7278287461773698,0.6981029502464586,0.022538969612313074,77
8,0.7554161548614502,0.06045450559561359,0.3896768569946289,0.013025640587557622,0.1,balanced,1,rbf,"{'C': 0.1, 'class_weight': 'balanced', 'gamma': 1, 'kernel': 'rbf'}",0.8392857142857143,0.8163875598086124,0.8088675853804673,0.8648648648648648,0.8514492753623188,0.8361709999403957,0.020992026961224652,13
9,0.5339003562927246,0.03979309421235211,0.060225629806518556,0.0016231922126595296,0.1,balanced,1,linear,"{'C': 0.1, 'class_weight': 'balanced', 'gamma': 1, 'kernel': 'linear'}",0.7628622117090479,0.744807121661721,0.736873508353222,0.7798440311937612,0.7705986959098992,0.7589971137655303,0.01596834023291518,56
10,0.5669890880584717,0.01665135401755865,0.33269786834716797,0.05915877588165668,0.1,balanced,0.1,rbf,"{'C': 0.1, 'class_weight': 'balanced', 'gamma': 0.1, 'kernel': 'rbf'}",0.8060747663551402,0.8133411351667642,0.7899408284023669,0.8377896613190732,0.8392434988179669,0.8172779780122623,0.018929044815642313,33
11,0.49151172637939455,0.026085828562265583,0.06722579002380372,0.006988316593281133,0.1,balanced,0.1,linear,"{'C': 0.1, 'class_weight': 'balanced', 'gamma': 0.1, 'kernel': 'linear'}",0.7628622117090479,0.744807121661721,0.736873508353222,0.7798440311937612,0.7705986959098992,0.7589971137655303,0.01596834023291518,56
12,0.6937918186187744,0.031102224082584024,0.3227055072784424,0.004397777862288802,0.1,balanced,0.01,rbf,"{'C': 0.1, 'class_weight': 'balanced', 'gamma': 0.01, 'kernel': 'rbf'}",0.7798705120659212,0.7541567695961995,0.7617071724955543,0.7896305125148988,0.7813428401663697,0.7733415613677888,0.013231725729124028,51
13,0.5188207149505615,0.02037932792462203,0.06622018814086914,0.011238165186000947,0.1,balanced,0.01,linear,"{'C': 0.1, 'class_weight': 'balanced', 'gamma': 0.01, 'kernel': 'linear'}",0.7628622117090479,0.744807121661721,0.736873508353222,0.7798440311937612,0.7705986959098992,0.7589971137655303,0.01596834023291518,56
14,0.841365385055542,0.02581916546819608,0.5362905025482178,0.015931108039697696,0.1,balanced,0.001,rbf,"{'C': 0.1, 'class_weight': 'balanced', 'gamma': 0.001, 'kernel': 'rbf'}",0.7414104882459313,0.6811240073304826,0.6971744471744471,0.7000622277535781,0.7322303921568628,0.7104003125322604,0.022702796884221523,75
15,0.5115818500518798,0.04124617685167024,0.057936477661132815,0.002337342317491058,0.1,balanced,0.001,linear,"{'C': 0.1, 'class_weight': 'balanced', 'gamma': 0.001, 'kernel': 'linear'}",0.7628622117090479,0.744807121661721,0.736873508353222,0.7798440311937612,0.7705986959098992,0.7589971137655303,0.01596834023291518,56
16,0.600429105758667,0.013010944259144728,0.29096298217773436,0.008468375451119696,0.1,"{0: 1, 1: 3}",1,rbf,"{'C': 0.1, 'class_weight': {0: 1, 1: 3}, 'gamma': 1, 'kernel': 'rbf'}",0.8710217755443885,0.8501118568232663,0.8646827624929816,0.8823529411764705,0.8788732394366197,0.8694085150947453,0.011440590376642407,4
17,0.48228988647460935,0.01567600553577023,0.06101813316345215,0.001149274493517029,0.1,"{0: 1, 1: 3}",1,linear,"{'C': 0.1, 'class_weight': {0: 1, 1: 3}, 'gamma': 1, 'kernel': 'linear'}",0.8282208588957055,0.7915492957746479,0.7943661971830985,0.8441193021947103,0.8277216610549945,0.8171954630206313,0.020669565008592204,34
18,0.5555607795715332,0.014939362022827606,0.268341588973999,0.006405041053460081,0.1,"{0: 1, 1: 3}",0.1,rbf,"{'C': 0.1, 'class_weight': {0: 1, 1: 3}, 'gamma': 0.1, 'kernel': 'rbf'}",0.8388888888888888,0.8263772954924875,0.8253521126760563,0.8646827624929816,0.8529082774049218,0.8416418673910672,0.015256192160911513,9
19,0.5081850051879883,0.02884918889949575,0.07058124542236328,0.009788767526037905,0.1,"{0: 1, 1: 3}",0.1,linear,"{'C': 0.1, 'class_weight': {0: 1, 1: 3}, 'gamma': 0.1, 'kernel': 'linear'}",0.8282208588957055,0.7915492957746479,0.7943661971830985,0.8441193021947103,0.8277216610549945,0.8171954630206313,0.020669565008592204,34
20,0.704936170578003,0.048033438304881375,0.4008840560913086,0.030019216784928526,0.1,"{0: 1, 1: 3}",0.01,rbf,"{'C': 0.1, 'class_weight': {0: 1, 1: 3}, 'gamma': 0.01, 'kernel': 'rbf'}",0.8402893711741792,0.8108866442199776,0.7870894677236693,0.8455882352941175,0.8356781091727632,0.8239063655169414,0.02191838226634781,18
21,0.7213212490081787,0.08353486425405028,0.07404136657714844,0.00679399053376838,0.1,"{0: 1, 1: 3}",0.01,linear,"{'C': 0.1, 'class_weight': {0: 1, 1: 3}, 'gamma': 0.01, 'kernel': 'linear'}",0.8282208588957055,0.7915492957746479,0.7943661971830985,0.8441193021947103,0.8277216610549945,0.8171954630206313,0.020669565008592204,34
22,0.984912919998169,0.06394166155545439,0.4091656684875488,0.05309404683113081,0.1,"{0: 1, 1: 3}",0.001,rbf,"{'C': 0.1, 'class_weight': {0: 1, 1: 3}, 'gamma': 0.001, 'kernel': 'rbf'}",0.7845548450565668,0.7840236686390533,0.7840236686390533,0.7840236686390533,0.7840236686390533,0.784129903922556,0.00021247056700541834,49
23,0.5113943576812744,0.11838677761867579,0.05864524841308594,0.0105888961943052,0.1,"{0: 1, 1: 3}",0.001,linear,"{'C': 0.1, 'class_weight': {0: 1, 1: 3}, 'gamma': 0.001, 'kernel': 'linear'}",0.8282208588957055,0.7915492957746479,0.7943661971830985,0.8441193021947103,0.8277216610549945,0.8171954630206313,0.020669565008592204,34
24,0.39638309478759765,0.004576461970074582,0.21901354789733887,0.014877612006078025,1,,1,rbf,"{'C': 1, 'class_weight': None, 'gamma': 1, 'kernel': 'rbf'}",0.801621958827199,0.813664596273292,0.8161993769470406,0.8213166144200629,0.8192090395480225,0.8144023172031234,0.006899613058943366,38
25,0.5469407558441162,0.019061028683151765,0.053313589096069335,0.005901411180266254,1,,1,linear,"{'C': 1, 'class_weight': None, 'gamma': 1, 'kernel': 'linear'}",0.7129742962056304,0.6646153846153846,0.666460012399256,0.6991260923845193,0.7295482295482297,0.6945448030306041,0.025574987195646413,82
26,0.4329960823059082,0.016734597332339098,0.23879075050354004,0.016902219434130797,1,,0.1,rbf,"{'C': 1, 'class_weight': None, 'gamma': 0.1, 'kernel': 'rbf'}",0.7835365853658537,0.7931665649786456,0.7512315270935962,0.7829070492825952,0.8088235294117647,0.783933051226491,0.018843530594263087,50
27,0.6199467182159424,0.026466188772693015,0.06784319877624512,0.011738444341293716,1,,0.1,linear,"{'C': 1, 'class_weight': None, 'gamma': 0.1, 'kernel': 'linear'}",0.7129742962056304,0.6646153846153846,0.666460012399256,0.6991260923845193,0.7295482295482297,0.6945448030306041,0.025574987195646413,82
28,0.6197691440582276,0.03363808056930411,0.33386907577514646,0.011823532711664524,1,,0.01,rbf,"{'C': 1, 'class_weight': None, 'gamma': 0.01, 'kernel': 'rbf'}",0.7531760435571687,0.7068860450944545,0.7011070110701106,0.7263092269326682,0.7492354740061162,0.7273427601321036,0.02123445013716582,73
29,0.701123857498169,0.03578459003138608,0.07752742767333984,0.009508056368419102,1,,0.01,linear,"{'C': 1, 'class_weight': None, 'gamma': 0.01, 'kernel': 'linear'}",0.7129742962056304,0.6646153846153846,0.666460012399256,0.6991260923845193,0.7295482295482297,0.6945448030306041,0.025574987195646413,82
30,0.6651764392852784,0.02756649344121353,0.3479016780853271,0.015012582373982656,1,,0.001,rbf,"{'C': 1, 'class_weight': None, 'gamma': 0.001, 'kernel': 'rbf'}",0.724327628361858,0.6750924784217016,0.6677018633540371,0.6946182728410513,0.7191358024691358,0.6961752090895568,0.022704116628908828,81
31,0.5978340148925781,0.0341029482216102,0.054131603240966795,0.0012839390903175067,1,,0.001,linear,"{'C': 1, 'class_weight': None, 'gamma': 0.001, 'kernel': 'linear'}",0.7129742962056304,0.6646153846153846,0.666460012399256,0.6991260923845193,0.7295482295482297,0.6945448030306041,0.025574987195646413,82
32,0.5053473949432373,0.020965583323455095,0.23970499038696289,0.008408788276213506,1,balanced,1,rbf,"{'C': 1, 'class_weight': 'balanced', 'gamma': 1, 'kernel': 'rbf'}",0.8374083129584353,0.8323207776427703,0.8464805825242719,0.8467243510506798,0.8420727945712523,0.8410013637494819,0.005516973358293431,10
33,0.6883594512939453,0.042215204534182406,0.060878419876098634,0.004688793603182143,1,balanced,1,linear,"{'C': 1, 'class_weight': 'balanced', 'gamma': 1, 'kernel': 'linear'}",0.767867690490254,0.7413997627520759,0.7347670250896059,0.7793764988009593,0.7676348547717843,0.7582091663809358,0.01710132562155366,68
34,0.5444834709167481,0.04196660598863979,0.28514738082885743,0.016831617642869064,1,balanced,0.1,rbf,"{'C': 1, 'class_weight': 'balanced', 'gamma': 0.1, 'kernel': 'rbf'}",0.8274021352313168,0.8219988172678888,0.8114558472553699,0.8502994011976047,0.8522727272727272,0.8326857856449814,0.0160419841290149,14
35,0.8160232067108154,0.040439295129554464,0.0697014331817627,0.010274343553012285,1,balanced,0.1,linear,"{'C': 1, 'class_weight': 'balanced', 'gamma': 0.1, 'kernel': 'linear'}",0.767867690490254,0.7413997627520759,0.7347670250896059,0.7793764988009593,0.7676348547717843,0.7582091663809358,0.01710132562155366,68
36,0.6683802604675293,0.031627214636619126,0.3419992923736572,0.017711193594327546,1,balanced,0.01,rbf,"{'C': 1, 'class_weight': 'balanced', 'gamma': 0.01, 'kernel': 'rbf'}",0.7953216374269005,0.7965902410346856,0.7742316784869976,0.8149910767400358,0.8036773428232503,0.7969623953023739,0.013338965077805225,47
37,0.696388578414917,0.040793329991422704,0.05881247520446777,0.002095034956191593,1,balanced,0.01,linear,"{'C': 1, 'class_weight': 'balanced', 'gamma': 0.01, 'kernel': 'linear'}",0.767867690490254,0.7413997627520759,0.7347670250896059,0.7793764988009593,0.7676348547717843,0.7582091663809358,0.01710132562155366,68
38,0.6646975040435791,0.02495418650343561,0.3336552619934082,0.013705662029356955,1,balanced,0.001,rbf,"{'C': 1, 'class_weight': 'balanced', 'gamma': 0.001, 'kernel': 'rbf'}",0.7742316784869977,0.7482185273159144,0.7389749702026222,0.7789095266626724,0.7726730310262531,0.7626015467388919,0.015923136223553763,54
39,0.6981607913970947,0.024293919221334427,0.056040716171264646,0.002390268412581503,1,balanced,0.001,linear,"{'C': 1, 'class_weight': 'balanced', 'gamma': 0.001, 'kernel': 'linear'}",0.767867690490254,0.7413997627520759,0.7347670250896059,0.7793764988009593,0.7676348547717843,0.7582091663809358,0.01710132562155366,68
40,0.5141355514526367,0.018190393957984462,0.24022369384765624,0.020196212089892703,1,"{0: 1, 1: 3}",1,rbf,"{'C': 1, 'class_weight': {0: 1, 1: 3}, 'gamma': 1, 'kernel': 'rbf'}",0.8884297520661157,0.8800945067926758,0.873015873015873,0.9034360189573459,0.8851674641148326,0.8860287229893686,0.01013972235019192,1
41,0.7514842510223388,0.024994813596540145,0.05693540573120117,0.004209450481153271,1,"{0: 1, 1: 3}",1,linear,"{'C': 1, 'class_weight': {0: 1, 1: 3}, 'gamma': 1, 'kernel': 'linear'}",0.8300835654596102,0.7902137232845894,0.7943661971830985,0.8422535211267607,0.8305274971941639,0.8174889008496444,0.021073735904194923,29
42,0.48371453285217286,0.016874501635533844,0.22583260536193847,0.010869774440172172,1,"{0: 1, 1: 3}",0.1,rbf,"{'C': 1, 'class_weight': {0: 1, 1: 3}, 'gamma': 0.1, 'kernel': 'rbf'}",0.8765501691093573,0.8480364257256687,0.8476027397260274,0.878839590443686,0.8793103448275862,0.8660678539664651,0.014929518384199553,5
43,0.7810798645019531,0.020626081655306328,0.057778787612915036,0.0031883194668177266,1,"{0: 1, 1: 3}",0.1,linear,"{'C': 1, 'class_weight': {0: 1, 1: 3}, 'gamma': 0.1, 'kernel': 'linear'}",0.8300835654596102,0.7902137232845894,0.7943661971830985,0.8422535211267607,0.8305274971941639,0.8174889008496444,0.021073735904194923,29
44,0.5307708740234375,0.029451927643218516,0.31758437156677244,0.0420910388492697,1,"{0: 1, 1: 3}",0.01,rbf,"{'C': 1, 'class_weight': {0: 1, 1: 3}, 'gamma': 0.01, 'kernel': 'rbf'}",0.8453436807095344,0.8184855233853007,0.8003393665158371,0.8535211267605635,0.8403597526700394,0.8316098900082551,0.019469843545267245,15
45,0.9154261589050293,0.14776734114464862,0.06893377304077149,0.021434580508882743,1,"{0: 1, 1: 3}",0.01,linear,"{'C': 1, 'class_weight': {0: 1, 1: 3}, 'gamma': 0.01, 'kernel': 'linear'}",0.8300835654596102,0.7902137232845894,0.7943661971830985,0.8422535211267607,0.8305274971941639,0.8174889008496444,0.021073735904194923,29
46,0.8091408729553222,0.09392366104046587,0.379129695892334,0.022145334876420047,1,"{0: 1, 1: 3}",0.001,rbf,"{'C': 1, 'class_weight': {0: 1, 1: 3}, 'gamma': 0.001, 'kernel': 'rbf'}",0.8244531688166012,0.7928893905191874,0.7823129251700679,0.8262350936967633,0.8300395256916996,0.8111860207788638,0.019628391626089977,42
47,0.8083343505859375,0.08079611930178136,0.06342139244079589,0.0063836809599556775,1,"{0: 1, 1: 3}",0.001,linear,"{'C': 1, 'class_weight': {0: 1, 1: 3}, 'gamma': 0.001, 'kernel': 'linear'}",0.8300835654596102,0.7902137232845894,0.7943661971830985,0.8422535211267607,0.8305274971941639,0.8174889008496444,0.021073735904194923,29
48,0.5640494346618652,0.017411228459159305,0.20185298919677735,0.012523729180196737,10,,1,rbf,"{'C': 10, 'class_weight': None, 'gamma': 1, 'kernel': 'rbf'}",0.7927590511860175,0.8172177167810356,0.8128544423440452,0.8343750000000001,0.8128544423440452,0.8140121305310288,0.013261192267202094,39
49,1.6063867568969727,0.05443333067932828,0.06091179847717285,0.004745593370128555,10,,1,linear,"{'C': 10, 'class_weight': None, 'gamma': 1, 'kernel': 'linear'}",0.7129742962056304,0.6646153846153846,0.666460012399256,0.6991260923845193,0.7273838630806845,0.694111929737095,0.02499050600065629,90
50,0.5044740676879883,0.016177026125950268,0.2248371124267578,0.006383632814625147,10,,0.1,rbf,"{'C': 10, 'class_weight': None, 'gamma': 0.1, 'kernel': 'rbf'}",0.8014796547472256,0.822550831792976,0.7634543178973718,0.8198254364089776,0.8208489388264668,0.8056318359346035,0.022429688237232143,43
51,1.634078073501587,0.04937703217275784,0.06521873474121094,0.006397184052890993,10,,0.1,linear,"{'C': 10, 'class_weight': None, 'gamma': 0.1, 'kernel': 'linear'}",0.7129742962056304,0.6646153846153846,0.666460012399256,0.6991260923845193,0.7273838630806845,0.694111929737095,0.02499050600065629,90
52,0.5331686019897461,0.02645695381418458,0.30519614219665525,0.015988179399631753,10,,0.01,rbf,"{'C': 10, 'class_weight': None, 'gamma': 0.01, 'kernel': 'rbf'}",0.7624544349939245,0.7425441265976872,0.7383578431372548,0.7540675844806007,0.7601977750309024,0.751524352848074,0.009541115413687597,72
53,1.5547515869140625,0.044423844759028164,0.05817790031433105,0.0054256499215905325,10,,0.01,linear,"{'C': 10, 'class_weight': None, 'gamma': 0.01, 'kernel': 'linear'}",0.7129742962056304,0.6646153846153846,0.666460012399256,0.6991260923845193,0.7273838630806845,0.694111929737095,0.02499050600065629,90
54,0.5260487556457519,0.02147774498409434,0.29622592926025393,0.021967108965860283,10,,0.001,rbf,"{'C': 10, 'class_weight': None, 'gamma': 0.001, 'kernel': 'rbf'}",0.722560975609756,0.677498467198038,0.679431747992588,0.703125,0.7388105456774985,0.7042853472955761,0.023927275913103337,76
55,1.5829570770263672,0.08366164461699398,0.054995393753051756,0.0031226452168199204,10,,0.001,linear,"{'C': 10, 'class_weight': None, 'gamma': 0.001, 'kernel': 'linear'}",0.7129742962056304,0.6646153846153846,0.666460012399256,0.6991260923845193,0.7273838630806845,0.694111929737095,0.02499050600065629,90
56,0.6558992385864257,0.08789279522506953,0.20685973167419433,0.02210342499130136,10,balanced,1,rbf,"{'C': 10, 'class_weight': 'balanced', 'gamma': 1, 'kernel': 'rbf'}",0.8148148148148149,0.8333333333333334,0.8328154133001865,0.8333333333333333,0.8369497830130193,0.8302493355589375,0.007857827514074768,17
57,1.884782075881958,0.15425003187424502,0.060525703430175784,0.002598740544357543,10,balanced,1,linear,"{'C': 10, 'class_weight': 'balanced', 'gamma': 1, 'kernel': 'linear'}",0.767867690490254,0.7413997627520759,0.737313432835821,0.7793764988009593,0.7671800947867298,0.7586274959331679,0.016371520020370456,64
58,0.543703269958496,0.07574840715009017,0.22153658866882325,0.02177394344497215,10,balanced,0.1,rbf,"{'C': 10, 'class_weight': 'balanced', 'gamma': 0.1, 'kernel': 'rbf'}",0.822289156626506,0.8473053892215568,0.8156458459672529,0.8631132646880678,0.856622114216282,0.840995154143933,0.01879219800895317,11
59,1.7143964767456055,0.16041464378536024,0.06394023895263672,0.0026753464981842615,10,balanced,0.1,linear,"{'C': 10, 'class_weight': 'balanced', 'gamma': 0.1, 'kernel': 'linear'}",0.767867690490254,0.7413997627520759,0.737313432835821,0.7793764988009593,0.7671800947867298,0.7586274959331679,0.016371520020370456,64
60,0.701114273071289,0.12383391836845033,0.3475912570953369,0.06482922593689032,10,balanced,0.01,rbf,"{'C': 10, 'class_weight': 'balanced', 'gamma': 0.01, 'kernel': 'rbf'}",0.8055067369654363,0.8059788980070339,0.7988165680473374,0.8233890214797137,0.8284023668639053,0.8124187182726853,0.011402542138841978,40
61,1.9940165042877198,0.14062378039583417,0.06640563011169434,0.006593488542672393,10,balanced,0.01,linear,"{'C': 10, 'class_weight': 'balanced', 'gamma': 0.01, 'kernel': 'linear'}",0.767867690490254,0.7413997627520759,0.737313432835821,0.7793764988009593,0.7671800947867298,0.7586274959331679,0.016371520020370456,64
62,0.7246851921081543,0.0802653774458546,0.3204372406005859,0.01603037049995125,10,balanced,0.001,rbf,"{'C': 10, 'class_weight': 'balanced', 'gamma': 0.001, 'kernel': 'rbf'}",0.7771867612293143,0.7566765578635015,0.7449344457687723,0.7853717026378898,0.7701492537313434,0.7668637442461643,0.014453903792035584,52
63,1.6579442024230957,0.08423164014524134,0.058561515808105466,0.006982237960792195,10,balanced,0.001,linear,"{'C': 10, 'class_weight': 'balanced', 'gamma': 0.001, 'kernel': 'linear'}",0.767867690490254,0.7413997627520759,0.737313432835821,0.7793764988009593,0.7671800947867298,0.7586274959331679,0.016371520020370456,64
64,0.587072229385376,0.015871413954252678,0.1860633373260498,0.017403047166614408,10,"{0: 1, 1: 3}",1,rbf,"{'C': 10, 'class_weight': {0: 1, 1: 3}, 'gamma': 1, 'kernel': 'rbf'}",0.8338386901152214,0.8394383394383395,0.8251533742331287,0.8466748768472907,0.8492896849907351,0.8388789931249431,0.008755209247394185,12
65,2.0917047023773194,0.07560441923906312,0.05776815414428711,0.001713650890925899,10,"{0: 1, 1: 3}",1,linear,"{'C': 10, 'class_weight': {0: 1, 1: 3}, 'gamma': 1, 'kernel': 'linear'}",0.8300835654596102,0.7925801011804384,0.7943661971830985,0.8408323959505062,0.8305274971941639,0.8176779513935635,0.020141888491735562,21
66,0.5702045440673829,0.024172705813385185,0.20873188972473145,0.012031665003546807,10,"{0: 1, 1: 3}",0.1,rbf,"{'C': 10, 'class_weight': {0: 1, 1: 3}, 'gamma': 0.1, 'kernel': 'rbf'}",0.8730614589316484,0.8544303797468354,0.8684362377380266,0.8852364475201846,0.8923346986541837,0.8746998445181756,0.013227065907171515,3
67,2.0263742446899413,0.08812990413730554,0.0607506275177002,0.002552564128847867,10,"{0: 1, 1: 3}",0.1,linear,"{'C': 10, 'class_weight': {0: 1, 1: 3}, 'gamma': 0.1, 'kernel': 'linear'}",0.8300835654596102,0.7925801011804384,0.7943661971830985,0.8408323959505062,0.8305274971941639,0.8176779513935635,0.020141888491735562,21
68,0.5717797756195069,0.016867882926753605,0.25910606384277346,0.010954031089157018,10,"{0: 1, 1: 3}",0.01,rbf,"{'C': 10, 'class_weight': {0: 1, 1: 3}, 'gamma': 0.01, 'kernel': 'rbf'}",0.8462389380530974,0.8342572062084257,0.8206857785272625,0.8618753509264458,0.8487914558740866,0.8423697459178635,0.013947654825280797,8
69,2.3355674266815187,0.17851216260049776,0.08781867027282715,0.04155023205745533,10,"{0: 1, 1: 3}",0.01,linear,"{'C': 10, 'class_weight': {0: 1, 1: 3}, 'gamma': 0.01, 'kernel': 'linear'}",0.8300835654596102,0.7925801011804384,0.7943661971830985,0.8408323959505062,0.8305274971941639,0.8176779513935635,0.020141888491735562,21
70,0.8270811557769775,0.1607668266553997,0.3981901168823242,0.05978178376347383,10,"{0: 1, 1: 3}",0.001,rbf,"{'C': 10, 'class_weight': {0: 1, 1: 3}, 'gamma': 0.001, 'kernel': 'rbf'}",0.8379732739420936,0.8071748878923768,0.7875354107648724,0.845150311968236,0.836619718309859,0.8228907205754876,0.021947407740082324,19
71,2.8326316356658934,0.2699030705094309,0.06183505058288574,0.002771428425913516,10,"{0: 1, 1: 3}",0.001,linear,"{'C': 10, 'class_weight': {0: 1, 1: 3}, 'gamma': 0.001, 'kernel': 'linear'}",0.8300835654596102,0.7925801011804384,0.7943661971830985,0.8408323959505062,0.8305274971941639,0.8176779513935635,0.020141888491735562,21
72,1.0515874862670898,0.14700780852774392,0.18320069313049317,0.016401606359557723,100,,1,rbf,"{'C': 100, 'class_weight': None, 'gamma': 1, 'kernel': 'rbf'}",0.7948877805486284,0.81293157564344,0.7799619530754597,0.7974683544303798,0.8082706766917294,0.7987040680779275,0.011500433777794052,46
73,9.294888544082642,0.2288650707795614,0.07242093086242676,0.01750366364476402,100,,1,linear,"{'C': 100, 'class_weight': None, 'gamma': 1, 'kernel': 'linear'}",0.7129742962056304,0.6650246305418719,0.666460012399256,0.6995627732667083,0.7273838630806845,0.6942811150988302,0.024912159685165382,86
74,0.9559152603149415,0.16182153960707152,0.19642653465270996,0.016053632938597445,100,,0.1,rbf,"{'C': 100, 'class_weight': None, 'gamma': 0.1, 'kernel': 'rbf'}",0.7938978829389788,0.8220024721878864,0.7898009950248757,0.8276077451592755,0.8270676691729322,0.8120753528967898,0.016680167186287405,41
75,8.40158658027649,0.15450345995148088,0.056241083145141604,0.003500065024336057,100,,0.1,linear,"{'C': 100, 'class_weight': None, 'gamma': 0.1, 'kernel': 'linear'}",0.7129742962056304,0.6650246305418719,0.666460012399256,0.6995627732667083,0.7273838630806845,0.6942811150988302,0.024912159685165382,86
76,0.5924045085906983,0.013202391624914957,0.24516568183898926,0.0036740976596032395,100,,0.01,rbf,"{'C': 100, 'class_weight': None, 'gamma': 0.01, 'kernel': 'rbf'}",0.7671149144254278,0.764525993883792,0.7415384615384615,0.7569095477386935,0.7701863354037268,0.7600550505980203,0.01024921657083185,55
77,9.068868398666382,0.538206765745755,0.08952722549438477,0.023726150751441254,100,,0.01,linear,"{'C': 100, 'class_weight': None, 'gamma': 0.01, 'kernel': 'linear'}",0.7129742962056304,0.6650246305418719,0.666460012399256,0.6995627732667083,0.7273838630806845,0.6942811150988302,0.024912159685165382,86
78,0.631383228302002,0.11143806904009929,0.29268593788146974,0.03836180726735765,100,,0.001,rbf,"{'C': 100, 'class_weight': None, 'gamma': 0.001, 'kernel': 'rbf'}",0.7463592233009708,0.6981016533986528,0.7085643869377696,0.7325436408977556,0.7480073574494175,0.7267152523969133,0.020106722296347922,74
79,9.40415334701538,0.3339843027486268,0.059818458557128903,0.005396736310467012,100,,0.001,linear,"{'C': 100, 'class_weight': None, 'gamma': 0.001, 'kernel': 'linear'}",0.7129742962056304,0.6650246305418719,0.666460012399256,0.6995627732667083,0.7273838630806845,0.6942811150988302,0.024912159685165382,86
80,0.9716655254364014,0.06146277629842471,0.17695302963256837,0.008248238230590066,100,balanced,1,rbf,"{'C': 100, 'class_weight': 'balanced', 'gamma': 1, 'kernel': 'rbf'}",0.797011207970112,0.8135168961201502,0.7848101265822787,0.802896725440806,0.8119122257053292,0.8020294363637352,0.01050781321426218,44
81,8.942354917526245,0.21588265939933607,0.050209331512451175,0.0047084886333455395,100,balanced,1,linear,"{'C': 100, 'class_weight': 'balanced', 'gamma': 1, 'kernel': 'linear'}",0.768321513002364,0.7413997627520759,0.737313432835821,0.7793764988009593,0.7671800947867298,0.75871826043559,0.01642367144945072,60
82,0.9290396213531494,0.05927387284370398,0.19663166999816895,0.03162013241096009,100,balanced,0.1,rbf,"{'C': 100, 'class_weight': 'balanced', 'gamma': 0.1, 'kernel': 'rbf'}",0.8257160268129189,0.8464805825242719,0.8348512446873103,0.8614347026364194,0.8630221130221131,0.8463009339366068,0.014584202713075289,7
83,7.989657258987426,0.15104917828830144,0.053767824172973634,0.003457665906941278,100,balanced,0.1,linear,"{'C': 100, 'class_weight': 'balanced', 'gamma': 0.1, 'kernel': 'linear'}",0.768321513002364,0.7413997627520759,0.737313432835821,0.7793764988009593,0.7671800947867298,0.75871826043559,0.01642367144945072,60
84,0.6074993133544921,0.045193366926589124,0.22212762832641603,0.013167941214226613,100,balanced,0.01,rbf,"{'C': 100, 'class_weight': 'balanced', 'gamma': 0.01, 'kernel': 'rbf'}",0.8155397390272834,0.8185579196217494,0.7976190476190477,0.8162031438935914,0.8417910447761195,0.8179421789875583,0.014078161565857355,20
85,7.658170318603515,0.18236815303196785,0.05432872772216797,0.002872902301629945,100,balanced,0.01,linear,"{'C': 100, 'class_weight': 'balanced', 'gamma': 0.01, 'kernel': 'linear'}",0.768321513002364,0.7413997627520759,0.737313432835821,0.7793764988009593,0.7671800947867298,0.75871826043559,0.01642367144945072,60
86,0.5317775726318359,0.017557543035309073,0.2435908317565918,0.011675827634456112,100,balanced,0.001,rbf,"{'C': 100, 'class_weight': 'balanced', 'gamma': 0.001, 'kernel': 'rbf'}",0.7947214076246335,0.78125,0.7810650887573966,0.8189398451459202,0.7977461447212337,0.7947444972498368,0.013882744348396994,48
87,7.768523645401001,0.14666186804219628,0.04971327781677246,0.0024513408582871035,100,balanced,0.001,linear,"{'C': 100, 'class_weight': 'balanced', 'gamma': 0.001, 'kernel': 'linear'}",0.768321513002364,0.7413997627520759,0.737313432835821,0.7793764988009593,0.7671800947867298,0.75871826043559,0.01642367144945072,60
88,0.9891900539398193,0.07962878568877031,0.15152196884155272,0.005468566838212288,100,"{0: 1, 1: 3}",1,rbf,"{'C': 100, 'class_weight': {0: 1, 1: 3}, 'gamma': 1, 'kernel': 'rbf'}",0.7986326911124922,0.8114856429463171,0.7871536523929471,0.8013827781269642,0.8093750000000001,0.8016059529157442,0.008668626775168617,45
89,10.082832670211792,0.35366819595482935,0.08413581848144532,0.03274753455197092,100,"{0: 1, 1: 3}",1,linear,"{'C': 100, 'class_weight': {0: 1, 1: 3}, 'gamma': 1, 'kernel': 'linear'}",0.8300835654596102,0.7925801011804384,0.7943661971830985,0.8408323959505062,0.8305274971941639,0.8176779513935635,0.020141888491735562,21
90,1.0103303432464599,0.03075020825030521,0.17239079475402833,0.03876436786846298,100,"{0: 1, 1: 3}",0.1,rbf,"{'C': 100, 'class_weight': {0: 1, 1: 3}, 'gamma': 0.1, 'kernel': 'rbf'}",0.8607520564042304,0.8755090168702733,0.8665105386416861,0.8901292596944771,0.8991097922848665,0.8784021327791066,0.014336233778267838,2
91,11.569861364364623,0.6820231738488931,0.05432252883911133,0.003173399019204791,100,"{0: 1, 1: 3}",0.1,linear,"{'C': 100, 'class_weight': {0: 1, 1: 3}, 'gamma': 0.1, 'kernel': 'linear'}",0.8300835654596102,0.7925801011804384,0.7943661971830985,0.8408323959505062,0.8305274971941639,0.8176779513935635,0.020141888491735562,21
92,0.7992616176605225,0.08084570847748064,0.2504910469055176,0.05290932215117344,100,"{0: 1, 1: 3}",0.01,rbf,"{'C': 100, 'class_weight': {0: 1, 1: 3}, 'gamma': 0.01, 'kernel': 'rbf'}",0.8520179372197308,0.8440469536053662,0.8361678004535148,0.8605174353205849,0.8645124716553289,0.851452519650905,0.010406918745539482,6
93,10.218228340148926,0.5714644349206117,0.052840471267700195,0.0016424157716092417,100,"{0: 1, 1: 3}",0.01,linear,"{'C': 100, 'class_weight': {0: 1, 1: 3}, 'gamma': 0.01, 'kernel': 'linear'}",0.8300835654596102,0.7925801011804384,0.7943661971830985,0.8408323959505062,0.8305274971941639,0.8176779513935635,0.020141888491735562,21
94,0.5387449264526367,0.010445941828557225,0.25615520477294923,0.015481479343664364,100,"{0: 1, 1: 3}",0.001,rbf,"{'C': 100, 'class_weight': {0: 1, 1: 3}, 'gamma': 0.001, 'kernel': 'rbf'}",0.8467072495849476,0.8170663692136084,0.8022598870056498,0.8497467642093416,0.8398656215005601,0.8311291783028215,0.018421806801101673,16
95,10.327145385742188,0.6181110261317235,0.05277972221374512,0.006853573613079439,100,"{0: 1, 1: 3}",0.001,linear,"{'C': 100, 'class_weight': {0: 1, 1: 3}, 'gamma': 0.001, 'kernel': 'linear'}",0.8300835654596102,0.7925801011804384,0.7943661971830985,0.8408323959505062,0.8305274971941639,0.8176779513935635,0.020141888491735562,21
