motion_detector,main,cage_detector
0.020835399627685547,0.49874353408813477
0.007911920547485352,0.39318084716796875,0.2861664295196533
0.008758306503295898,0.09198617935180664,
0.007302045822143555,0.04021644592285156,
0.004396677017211914,0.25307559967041016,0.19431090354919434
0.005682706832885742,0.24189972877502441,0.18894624710083008
0.005177974700927734,0.04309964179992676,
0.005623579025268555,0.027667760848999023,
0.005420684814453125,0.028994321823120117,
0.005641460418701172,0.2171802520751953,0.18359994888305664
0.00542140007019043,0.24991631507873535,0.1996011734008789
0.005170345306396484,0.04618978500366211,
0.005733489990234375,0.027710676193237305,
0.009888172149658203,0.03686332702636719,
0.006064653396606445,0.030066728591918945,
0.005484819412231445,0.05869865417480469,
0.005334138870239258,0.09395503997802734,
0.0053484439849853516,0.09770441055297852,
0.0065729618072509766,0.10123205184936523,
0.005118131637573242,0.09462332725524902,
0.004983186721801758,0.09922170639038086,
0.005335807800292969,0.09943056106567383,
0.004378080368041992,0.0994424819946289,
0.0028998851776123047,0.10046768188476562,
0.005094051361083984,0.09860682487487793,
0.005215883255004883,0.0962221622467041,
0.0058460235595703125,0.11333966255187988,
0.00597834587097168,0.1230323314666748,
0.004407167434692383,0.08151674270629883,
0.011221170425415039,0.09942102432250977,
0.0037255287170410156,0.09364771842956543,
0.0060694217681884766,0.08844494819641113,
0.0058116912841796875,0.09663200378417969,
0.005068302154541016,0.0936737060546875,
0.005254507064819336,0.11445283889770508,
0.005018949508666992,0.10033559799194336,
0.005011796951293945,0.09800529479980469,
0.005735874176025391,0.08826065063476562,
0.00532984733581543,0.10790586471557617,
0.005007743835449219,0.10004854202270508,
0.006201267242431641,0.08824706077575684,
0.006350040435791016,0.09708166122436523,
0.005765199661254883,0.09834718704223633,
0.0058269500732421875,0.0978231430053711,
0.005774021148681641,0.09816193580627441,
0.00568079948425293,0.09871768951416016,
0.005827903747558594,0.09866523742675781,
0.005702018737792969,0.09836292266845703,
0.00582122802734375,0.09822845458984375,
0.006191253662109375,0.098907470703125,
0.005671977996826172,0.09850525856018066,
0.005575656890869141,0.09763836860656738,
0.005795955657958984,0.09885406494140625,
0.0056765079498291016,0.09794378280639648,
0.005730628967285156,0.09851312637329102,
0.0058329105377197266,0.09830403327941895,
0.005769014358520508,0.09901642799377441,
0.006692409515380859,0.10234737396240234,
0.004809856414794922,0.09571480751037598,
0.0052623748779296875,0.1064460277557373,
0.0058746337890625,0.08690738677978516,
0.005473136901855469,0.09893226623535156,
0.008632898330688477,0.10746121406555176,
0.006011247634887695,0.09452342987060547,
0.006118059158325195,0.09928250312805176,
0.006657600402832031,0.09602999687194824,
0.006377220153808594,0.09847760200500488,
0.006102323532104492,0.09964537620544434,
0.0059757232666015625,0.09847736358642578,
0.008046150207519531,0.09424495697021484,
0.005679130554199219,0.09671759605407715,
0.00777435302734375,0.10778427124023438,
0.007595539093017578,0.09991574287414551,
0.008352518081665039,0.08805298805236816,
0.007992982864379883,0.10881948471069336,
0.010862588882446289,0.10160231590270996,
0.011738300323486328,0.11832833290100098,
0.00972437858581543,0.07006382942199707,
0.006009578704833984,0.08590936660766602,
0.006748676300048828,0.10183358192443848,
0.007245540618896484,0.10605359077453613,
0.005946636199951172,0.09005403518676758,
0.006505250930786133,0.10293722152709961,
0.006413698196411133,0.0934152603149414,
0.0069620609283447266,0.0976872444152832,
0.005040884017944336,0.10141348838806152,
0.006781339645385742,0.0948953628540039,
0.00592041015625,0.10117053985595703,
0.005106210708618164,0.0906517505645752,
0.005646705627441406,0.09825658798217773,
0.005685091018676758,0.09855866432189941,
0.00537419319152832,0.0978095531463623,
0.005280017852783203,0.0982201099395752,
0.005197048187255859,0.0980381965637207,
0.0051310062408447266,0.09819412231445312,
0.005024909973144531,0.0982515811920166,
0.005404233932495117,0.09840750694274902,
0.00559544563293457,0.100494384765625,
0.005845069885253906,0.09785103797912598,
0.005390644073486328,0.09850740432739258,
0.006106376647949219,0.10306644439697266,
0.008723974227905273,0.09150552749633789,
0.0061457157135009766,0.09831523895263672,
0.0062444210052490234,0.10137271881103516,
0.01172184944152832,0.10603451728820801,
0.006190061569213867,0.08851265907287598,
0.007070779800415039,0.09729337692260742,
0.008486270904541016,0.09922480583190918,
0.0064394474029541016,0.09586644172668457,
0.005985260009765625,0.09784126281738281,
0.0059659481048583984,0.09973716735839844,
0.00357818603515625,0.10286712646484375,
0.004239082336425781,0.09533572196960449,
0.008469581604003906,0.09788346290588379,
0.0057146549224853516,0.10044336318969727,
0.006853342056274414,0.09171128273010254,
0.007031440734863281,0.09816288948059082,
0.005216121673583984,0.09529376029968262,
0.005158424377441406,0.09808468818664551,
0.005498170852661133,0.09875154495239258,
0.00562596321105957,0.09823203086853027,
0.006251335144042969,0.09864044189453125,
0.006180286407470703,0.09878802299499512,
0.006810188293457031,0.10451292991638184,
0.00517725944519043,0.08941102027893066,
0.006290912628173828,0.09923577308654785,
0.006277799606323242,0.3131592273712158,0.21125149726867676
0.00481724739074707,0.07915973663330078,
0.004802703857421875,0.04063892364501953,
0.006338596343994141,0.03900647163391113,
0.005239248275756836,0.04291987419128418,
0.010208368301391602,0.07899832725524902,
0.004524946212768555,0.3128077983856201,0.2152550220489502
0.005817890167236328,0.060523271560668945,
0.007992982864379883,0.3123302459716797,0.25738978385925293
0.008272409439086914,0.08232283592224121,
0.0051424503326416016,0.043042898178100586,
0.005837440490722656,0.039156436920166016,
0.01044011116027832,0.048740386962890625,
0.00782632827758789,0.04330086708068848,
0.005650043487548828,0.0373225212097168,
0.0058438777923583984,0.0869605541229248,
0.005707979202270508,0.09876346588134766,
0.007443428039550781,0.09594058990478516,
0.006014823913574219,0.09681868553161621,
0.005461454391479492,0.09756612777709961,
0.005688667297363281,0.2882964611053467,0.18461036682128906
0.006357669830322266,0.05765557289123535,
0.006002902984619141,0.03902101516723633,
0.007776498794555664,0.037697792053222656,
0.005975246429443359,0.0649256706237793,
0.005516767501831055,0.09735512733459473,
0.005873441696166992,0.09828805923461914,
0.005419254302978516,0.10085487365722656,
0.0052225589752197266,0.09377765655517578,
0.005553007125854492,0.09837627410888672,
0.00751185417175293,0.09552764892578125,
0.00495457649230957,0.10011148452758789,
0.00733184814453125,0.11278963088989258,
0.005401611328125,0.0825495719909668,
0.003859281539916992,0.09623599052429199,
0.005559206008911133,0.09738993644714355,
0.004794597625732422,0.09214949607849121,
0.005547761917114258,0.10373663902282715,
0.005804538726806641,0.09433126449584961,
0.0062830448150634766,0.09563970565795898,
0.004937410354614258,0.0966942310333252,
0.004913806915283203,0.09620046615600586,
0.005049705505371094,0.0983591079711914,
0.00510859489440918,0.281907320022583,0.18016314506530762
0.0059814453125,0.24696755409240723,0.18224382400512695
0.01660776138305664,0.2501678466796875,0.18410253524780273
0.00590062141418457,0.05360817909240723,
0.0064411163330078125,0.03595232963562012,
0.005307435989379883,0.04277825355529785,
0.006360292434692383,0.040917158126831055,
0.005055427551269531,0.04036307334899902,
0.006247997283935547,0.08897185325622559,
0.006098031997680664,0.09431290626525879,
0.005124092102050781,0.09716963768005371,
0.0056803226470947266,0.09979748725891113,
0.0052645206451416016,0.09585046768188477,
0.005162954330444336,0.09930205345153809,
0.005460262298583984,0.09607410430908203,
0.005470991134643555,0.09862828254699707,
0.005084514617919922,0.09708499908447266,
0.0050890445709228516,0.09786725044250488,
0.0060558319091796875,0.0978236198425293,
0.0051479339599609375,0.09659552574157715,
0.006764650344848633,0.1025688648223877,
0.005010843276977539,0.09459614753723145,
0.005106210708618164,0.09707188606262207,
0.006039142608642578,0.09950685501098633,
0.0060901641845703125,0.09759354591369629,
0.005239248275756836,0.09726166725158691,
0.005133867263793945,0.10187363624572754,
0.005904197692871094,0.09680891036987305,
0.005354881286621094,0.09451961517333984,
0.005422115325927734,0.09664654731750488,
0.00538182258605957,0.09661674499511719,
0.005379915237426758,0.09889054298400879,
0.00559544563293457,0.09767484664916992,
0.005389213562011719,0.09714102745056152,
0.005616664886474609,0.09848260879516602,
0.0058629512786865234,0.1001584529876709,
0.005877256393432617,0.09360408782958984,
0.005745649337768555,0.10442376136779785,
0.005305290222167969,0.09467720985412598,
0.005711555480957031,0.09534764289855957,
0.005144357681274414,0.09754014015197754,
0.005308866500854492,0.09837079048156738,
0.005238533020019531,0.09760642051696777,
0.005197763442993164,0.09782671928405762,
0.006461381912231445,0.03750777244567871,
0.006155252456665039,0.035559654235839844,
0.005663871765136719,0.05338263511657715,
0.005573272705078125,0.09527373313903809,
0.0053746700286865234,0.09645938873291016,
0.004971504211425781,0.10219931602478027,
0.0056760311126708984,0.09389233589172363,
0.0055217742919921875,0.09856557846069336,
0.010515689849853516,0.051873207092285156,
0.007334232330322266,0.03810429573059082,
0.009529352188110352,0.04357266426086426,
0.005634307861328125,0.08639717102050781,
0.0058574676513671875,0.09753203392028809,
0.0056531429290771484,0.09789347648620605,
0.0065076351165771484,0.033365488052368164,
0.006062746047973633,0.03530406951904297,
0.0058078765869140625,0.05425882339477539,
0.005541324615478516,0.09503030776977539,
0.0052776336669921875,0.2790091037750244,0.1773979663848877
0.008608818054199219,0.05761218070983887,
0.0033593177795410156,0.24642610549926758,0.19026637077331543
0.005976676940917969,0.05114173889160156,
0.0064373016357421875,0.2431035041809082,0.18588829040527344
0.0059201717376708984,0.05029416084289551,
0.009597063064575195,0.0453639030456543,
0.007246732711791992,0.03685903549194336,
0.003123044967651367,0.03766322135925293,
0.004967927932739258,0.04173445701599121,
0.00546574592590332,0.03216552734375,
0.008024215698242188,0.03592705726623535,
0.008612632751464844,0.04284071922302246,
0.006213188171386719,0.06389474868774414,
0.005293369293212891,0.09816980361938477,
0.005486011505126953,0.09759354591369629,
0.005219936370849609,0.09688186645507812,
0.005443096160888672,0.20090508460998535,
0.0051004886627197266,0.03074479103088379,
0.005761861801147461,0.06196141242980957,
0.005282163619995117,0.09579300880432129,
0.0059893131256103516,0.0986928939819336,
0.0056111812591552734,0.09766912460327148,
0.005209207534790039,0.09620165824890137,
0.005630970001220703,0.09888029098510742,
0.0056531429290771484,0.18074369430541992,
0.0067141056060791016,0.036472320556640625,
0.006242990493774414,0.07806706428527832,
0.005419254302978516,0.09436368942260742,
0.005853891372680664,0.09391140937805176,
0.005995035171508789,0.09668207168579102,
0.0055997371673583984,0.09943318367004395,
0.005553245544433594,0.09715557098388672,
0.006234169006347656,0.03603053092956543,
0.006166219711303711,0.039834022521972656,
0.006253957748413086,0.05052471160888672,
0.006067037582397461,0.0955667495727539,
0.005902767181396484,0.09478235244750977,
0.00594782829284668,0.09859609603881836,
0.005818367004394531,0.09729528427124023,
0.0051767826080322266,0.2784242630004883,
0.007750511169433594,0.06034708023071289,
0.009470224380493164,0.05593395233154297,
0.005965232849121094,0.04441046714782715,
0.008522987365722656,0.052426815032958984,
0.0061724185943603516,0.033670902252197266,
0.009440898895263672,0.039823055267333984,
0.005978584289550781,0.06861281394958496,
0.00570988655090332,0.09501385688781738,
0.005627155303955078,0.09632396697998047,
0.005760908126831055,0.18489432334899902,
0.006644487380981445,0.044510841369628906,
0.0058441162109375,0.06554722785949707,
0.005628108978271484,0.09540963172912598,
0.0057222843170166016,0.0980687141418457,
0.005678653717041016,0.09738945960998535,
0.0057909488677978516,0.09763455390930176,
0.005584001541137695,0.09770965576171875,
0.005816936492919922,0.09716153144836426,
0.005770444869995117,0.09735679626464844,
0.005293130874633789,0.09703254699707031,
0.005141258239746094,0.09710359573364258,
0.005681276321411133,0.0978543758392334,
0.0052032470703125,0.09718942642211914,
0.005267620086669922,0.09760165214538574,
0.005181789398193359,0.09693503379821777,
0.005265474319458008,0.09759140014648438,
0.0052335262298583984,0.09717130661010742,
0.0053119659423828125,0.09710478782653809,
0.00525212287902832,0.09816265106201172,
0.0052220821380615234,0.09732747077941895,
0.0052337646484375,0.09624457359313965,
0.005236625671386719,0.09827542304992676,
0.005196809768676758,0.08354425430297852,
0.005263328552246094,0.09659719467163086,
0.0051195621490478516,0.09808349609375,
0.005269050598144531,0.0973207950592041,
0.005282402038574219,0.09644055366516113,
0.00529026985168457,0.0983424186706543,
0.005227565765380859,0.09693503379821777,
0.005299091339111328,0.09654521942138672,
0.0050907135009765625,0.09783768653869629,
0.005372762680053711,0.09788990020751953,
0.005192756652832031,0.09606361389160156,
0.005234479904174805,0.09855866432189941,
0.0053174495697021484,0.09682369232177734,
0.00525975227355957,0.09633994102478027,
0.005247592926025391,0.0982518196105957,
0.005290985107421875,0.0971064567565918,
0.005227327346801758,0.2927844524383545,0.18556571006774902
0.008727550506591797,0.05767226219177246,
0.005608558654785156,0.03414416313171387,
0.004949092864990234,0.03644585609436035,
0.00536656379699707,0.0646364688873291,
0.007864713668823242,0.10375165939331055,
0.005102872848510742,0.08152031898498535,
0.005183219909667969,0.29706788063049316,0.1882779598236084
0.005791425704956055,0.24458003044128418,0.18429327011108398
0.00585627555847168,0.24350619316101074,0.1834251880645752
0.005610227584838867,0.2472074031829834,0.1851029396057129
0.006257057189941406,0.238112211227417,0.1798698902130127
0.005717754364013672,0.2409367561340332,0.18281769752502441
0.004685878753662109,0.2429485321044922,0.18235135078430176
0.005171060562133789,0.24090790748596191,0.18173956871032715
0.005918025970458984,0.23743200302124023,0.18139290809631348
0.009392023086547852,0.24968457221984863,0.17936205863952637
0.0031867027282714844,0.05080008506774902,
0.007827520370483398,0.04551577568054199,
0.006066322326660156,0.0402219295501709,
0.00813150405883789,0.23327994346618652,0.1872258186340332
0.005758762359619141,0.24513697624206543,0.18256425857543945
0.005429983139038086,0.06789231300354004,
0.010852813720703125,0.04107809066772461,
0.0038857460021972656,0.04359078407287598,
0.007598161697387695,0.03736257553100586,
0.005089759826660156,0.03522658348083496,
0.006067514419555664,0.043570756912231445,
0.006826162338256836,0.06023907661437988,
0.005036354064941406,0.07984590530395508,
0.00490880012512207,0.09618353843688965,
0.005423784255981445,0.09824872016906738,
0.0050525665283203125,0.09805083274841309,
0.00510859489440918,0.09505343437194824,
0.005618572235107422,0.09952950477600098,
0.005451679229736328,0.09653735160827637,
0.005583286285400391,0.09627223014831543,
0.005683422088623047,0.09776544570922852,
0.005499601364135742,0.09726977348327637,
0.0055027008056640625,0.09899783134460449,
0.005002260208129883,0.09505939483642578,
0.005674123764038086,0.09734416007995605,
0.005636453628540039,0.09645366668701172,
0.005651235580444336,0.09783124923706055,
0.005626678466796875,0.09666585922241211,
0.005503177642822266,0.09694218635559082,
0.005736589431762695,0.09681034088134766,
0.005105733871459961,0.09732794761657715,
0.005703926086425781,0.09792637825012207,
0.005064249038696289,0.09640073776245117,
0.00561070442199707,0.09881734848022461,
0.004984617233276367,0.09576702117919922,
0.0056836605072021484,0.09667682647705078,
0.005521297454833984,0.09804749488830566,
0.005031585693359375,0.09645795822143555,
0.0053615570068359375,0.09629940986633301,
0.005154609680175781,0.09745264053344727,
0.005654096603393555,0.08350276947021484,
0.005223751068115234,0.09605216979980469,
0.00506901741027832,0.09763336181640625,
0.005724430084228516,0.09774065017700195,
0.009057283401489258,0.08792448043823242,
0.004960298538208008,0.09092426300048828,
0.0050182342529296875,0.09689164161682129,
0.004992008209228516,0.09642815589904785,
0.005041360855102539,0.09772872924804688,
0.005089521408081055,0.09711241722106934,
0.005137205123901367,0.09627413749694824,
0.004965782165527344,0.09786653518676758,
0.005055427551269531,0.09758329391479492,
0.005162239074707031,0.09604072570800781,
0.0050466060638427734,0.09702539443969727,
0.005228281021118164,0.0838923454284668,
0.005265712738037109,0.09630632400512695,
0.0052547454833984375,0.09749174118041992,
0.0049724578857421875,0.09677457809448242,
0.00607609748840332,0.0893404483795166,
0.005060672760009766,0.08825516700744629,
0.008343219757080078,0.10340380668640137,
0.0051076412200927734,0.09377622604370117,
0.0049326419830322266,0.09620308876037598,
0.005034923553466797,0.09775519371032715,
0.005168437957763672,0.09865045547485352,
0.005056619644165039,0.09336352348327637,
0.005034446716308594,0.0992133617401123,
0.005192756652832031,0.09833717346191406,
0.005277872085571289,0.09384465217590332,
0.0049190521240234375,0.0810248851776123,
0.0050373077392578125,0.09804201126098633,
0.0049283504486083984,0.09994792938232422,
0.004938364028930664,0.08229351043701172,
0.005429983139038086,0.09045934677124023,
0.00506138801574707,0.10109901428222656,
0.008667230606079102,0.11016011238098145,
0.005092144012451172,0.06988096237182617,
0.005018711090087891,0.09742617607116699,
0.00481867790222168,0.10219287872314453,
0.002871990203857422,0.17472195625305176,
0.00719141960144043,0.03871345520019531,
0.005499839782714844,0.07353663444519043,
0.006392002105712891,0.09585857391357422,
0.005414247512817383,0.17918729782104492,
0.007060527801513672,0.03764915466308594,
0.00592041015625,0.07439947128295898,
0.005720853805541992,0.09510922431945801,
0.005774021148681641,0.034906864166259766,
0.003229856491088867,0.032037973403930664,
0.00991678237915039,0.05566859245300293,
0.005113363265991211,0.08951163291931152,
0.008363723754882812,0.04044699668884277,
0.006613016128540039,0.04539680480957031,
0.009002923965454102,0.04399919509887695,
0.006170034408569336,0.21173524856567383,
0.006325244903564453,0.04133868217468262,
0.005971193313598633,0.041196584701538086,
0.005379199981689453,0.06321001052856445,
0.005492210388183594,0.20250797271728516,
0.005644798278808594,0.03703880310058594,
0.005243539810180664,0.048473358154296875,
0.0051555633544921875,0.08484840393066406,
0.0061702728271484375,0.03484940528869629,
0.008353710174560547,0.040009260177612305,
0.014031410217285156,0.05645608901977539,
0.006940603256225586,0.08793377876281738,
0.0065898895263671875,0.03540444374084473,
0.005490779876708984,0.0357356071472168,
0.0063588619232177734,0.05097031593322754,
0.005231142044067383,0.17991161346435547,
0.010012149810791016,0.040119171142578125,
0.00624394416809082,0.06371116638183594,
0.005253791809082031,0.29585742950439453,0.1932685375213623
0.007300376892089844,0.2510650157928467,0.19169187545776367
0.005270242691040039,0.06640815734863281,
0.007576704025268555,0.04058218002319336,
0.005525350570678711,0.03750038146972656,
0.009868621826171875,0.0433504581451416,
0.0054264068603515625,0.0393521785736084,
0.00597834587097168,0.035399675369262695,
0.0071468353271484375,0.04668021202087402,
0.0058400630950927734,0.048258066177368164,
0.006256818771362305,0.09607815742492676,
0.009246349334716797,0.11098265647888184,
0.005725860595703125,0.07836079597473145,
0.005175590515136719,0.09661436080932617,
0.0052907466888427734,0.09669804573059082,
0.005118846893310547,0.09547042846679688,
0.005134105682373047,0.09740614891052246,
0.006721019744873047,0.0975348949432373,
0.005219221115112305,0.08176445960998535,
0.005137920379638672,0.09601330757141113,
0.005246877670288086,0.09739398956298828,
0.005413532257080078,0.09514164924621582,
0.005451679229736328,0.08667898178100586,
0.005354642868041992,0.09792780876159668,
0.00661778450012207,0.09738922119140625,
0.005320072174072266,0.0948953628540039,
0.005281925201416016,0.09581542015075684,
0.005007505416870117,0.09366297721862793,
0.0055828094482421875,0.10110998153686523,
0.005648612976074219,0.09647727012634277,
0.0056095123291015625,0.2955005168914795,0.19402527809143066
0.005966663360595703,0.06713461875915527,
0.007870912551879883,0.24574804306030273,0.2006087303161621
0.0059239864349365234,0.05513262748718262,
0.009638309478759766,0.04365873336791992,
0.0073087215423583984,0.04242205619812012,
0.00644993782043457,0.24969720840454102,0.20226740837097168
0.00568842887878418,0.049844980239868164,
0.0060634613037109375,0.04883718490600586,
0.008419036865234375,0.04312944412231445,
0.006392955780029297,0.05046224594116211,
0.00639796257019043,0.23801064491271973,0.1914212703704834
0.006081342697143555,0.2520866394042969,0.18811488151550293
0.00360107421875,0.2563588619232178,0.19457364082336426
0.006415605545043945,0.05317568778991699,
0.00628972053527832,0.25882935523986816,0.21259808540344238
0.006476163864135742,0.05670881271362305,
0.004147768020629883,0.22943496704101562,0.18648910522460938
0.005038738250732422,0.04959464073181152,
0.005804538726806641,0.04061746597290039,
0.00579524040222168,0.0469973087310791,
0.0065081119537353516,0.04319262504577637,
0.005877017974853516,0.04591870307922363,
0.005553483963012695,0.08776593208312988,
0.005140542984008789,0.2987947463989258,0.19446611404418945
0.005845785140991211,0.2601888179779053,0.19476723670959473
0.003881216049194336,0.25350499153137207,0.19396519660949707
0.003175497055053711,0.2550013065338135,0.19551467895507812
0.005659818649291992,0.25917959213256836,0.19940757751464844
0.005776643753051758,0.2938814163208008,0.20447802543640137
0.005417585372924805,0.28146862983703613,0.2046666145324707
0.00644230842590332,0.2638587951660156,0.1949462890625
0.005654573440551758,0.05614900588989258,
0.008278131484985352,0.04657411575317383,
0.005472898483276367,0.053589582443237305,
0.006879568099975586,0.039171457290649414,
0.008920907974243164,0.04156923294067383,
0.007500886917114258,0.2544128894805908,0.19605422019958496
0.010319232940673828,0.2669188976287842,0.19251465797424316
0.0059871673583984375,0.050511837005615234,
0.006013631820678711,0.04813265800476074,
0.005892753601074219,0.03726840019226074,
0.0049610137939453125,0.03706002235412598,
0.004311800003051758,0.03958463668823242,
0.00582122802734375,0.07329964637756348,
0.005694150924682617,0.0995185375213623,
0.0066678524017333984,0.08042287826538086,
0.006432771682739258,0.09533119201660156,
0.0058176517486572266,0.09784865379333496,
0.005730628967285156,0.09395599365234375,
0.005878448486328125,0.09513735771179199,
0.005925893783569336,0.09629130363464355,
0.005853414535522461,0.09632396697998047,
0.005862236022949219,0.09586691856384277,
0.0058252811431884766,0.09543251991271973,
0.0058405399322509766,0.2873709201812744,0.18072819709777832
0.005524396896362305,0.25037288665771484,0.1851339340209961
0.005533933639526367,0.27098727226257324,0.19169211387634277
0.005481243133544922,0.2519693374633789,0.18940162658691406
0.004717826843261719,0.2608668804168701,0.19794988632202148
0.0056459903717041016,0.267592191696167,0.189284086227417
0.004044294357299805,0.2452387809753418,0.18274641036987305
0.007917642593383789,0.26486897468566895,0.18877959251403809
0.005876302719116211,0.06025195121765137,
0.006899833679199219,0.03802943229675293,
0.0032770633697509766,0.035120487213134766,
0.010466575622558594,0.05554056167602539,
0.0058400630950927734,0.04029107093811035,
0.005712985992431641,0.045375823974609375,
0.0064275264739990234,0.06442070007324219,
0.005179405212402344,0.08887958526611328,
0.0055506229400634766,0.09538078308105469,
0.005017995834350586,0.09191203117370605,
0.008961677551269531,0.10332393646240234,
0.007103681564331055,0.08953595161437988,
0.004160165786743164,0.0890350341796875,
0.005311727523803711,0.10054636001586914,
0.005263805389404297,0.09609866142272949,
0.0052394866943359375,0.09604978561401367,
0.005391597747802734,0.0959773063659668,
0.005759000778198242,0.09489583969116211,
0.005666494369506836,0.10327601432800293,
0.005358219146728516,0.0897059440612793,
0.005386829376220703,0.09464049339294434,
0.005446910858154297,0.2901642322540283,0.18578267097473145
0.006153106689453125,0.05469226837158203,
0.006213188171386719,0.23467111587524414,0.18367767333984375
0.003136157989501953,0.05807042121887207,
0.005939960479736328,0.04356694221496582,
0.004979133605957031,0.042816162109375,
0.007506370544433594,0.04178571701049805,
0.006636142730712891,0.03919363021850586,
0.005655527114868164,0.054908037185668945,
0.005868196487426758,0.09460735321044922,
0.005217075347900391,0.0966193675994873,
0.005342006683349609,0.09614920616149902,
0.0051767826080322266,0.09466719627380371,
0.0054094791412353516,0.09671306610107422,
0.005337953567504883,0.09606313705444336,
0.005436897277832031,0.09473323822021484,
0.005270242691040039,0.10027456283569336,
0.005357265472412109,0.09241724014282227,
0.005319833755493164,0.09469938278198242,
0.005371809005737305,0.09723734855651855,
0.005309104919433594,0.09555172920227051,
0.005663156509399414,0.0949869155883789,
0.005259990692138672,0.09683966636657715,
0.005315065383911133,0.09606027603149414,
0.005311012268066406,0.09578466415405273,
0.005373716354370117,0.0949556827545166,
0.005990743637084961,0.09411025047302246,
0.005284547805786133,0.09285163879394531,
0.005225658416748047,0.09543919563293457,
0.005320549011230469,0.09486126899719238,
0.005218982696533203,0.29688072204589844,0.19215941429138184
0.008984565734863281,0.2648138999938965,0.20141243934631348
0.005762815475463867,0.25107717514038086,0.18761324882507324
0.0060291290283203125,0.2394859790802002,0.1786026954650879
0.005701780319213867,0.05512237548828125,
0.006615638732910156,0.04265427589416504,
0.006768226623535156,0.0384829044342041,
0.003964662551879883,0.038782358169555664,
0.006131172180175781,0.04250645637512207,
0.0068340301513671875,0.09244108200073242,
0.00536346435546875,0.08836841583251953,
0.0052640438079833984,0.09671592712402344,
0.00541377067565918,0.09604120254516602,
0.005170583724975586,0.0954437255859375,
0.005464792251586914,0.09509921073913574,
0.0055582523345947266,0.09666228294372559,
0.005159139633178711,0.09527111053466797,
0.005308866500854492,0.09489178657531738,
0.005344867706298828,0.09709906578063965,
0.0052449703216552734,0.09506845474243164,
0.005240440368652344,0.0949716567993164,
0.005467414855957031,0.09694933891296387,
0.0051021575927734375,0.09502744674682617,
0.005104780197143555,0.0948486328125,
0.005335807800292969,0.0967855453491211,
0.00523829460144043,0.09585857391357422,
0.005293130874633789,0.09467339515686035,
0.00541377067565918,0.09676265716552734,
0.005185842514038086,0.09513211250305176,
0.005171298980712891,0.09482789039611816,
0.005271434783935547,0.09701299667358398,
0.00518345832824707,0.09511446952819824,
0.005748748779296875,0.09938478469848633,
0.005416393280029297,0.0903472900390625,
0.005152702331542969,0.09780216217041016,
0.005484580993652344,0.09392881393432617,
0.006687164306640625,0.10346293449401855,
0.0058405399322509766,0.08415746688842773,
0.005623817443847656,0.09627580642700195,
0.0058171749114990234,0.09603762626647949,
0.0052721500396728516,0.09327006340026855,
0.00529932975769043,0.0978543758392334,
0.005968570709228516,0.0946812629699707,
0.0056498050689697266,0.0941925048828125,
0.005742788314819336,0.09633016586303711,
0.005833148956298828,0.09609842300415039,
0.005800008773803711,0.09470367431640625,
0.005777835845947266,0.0962367057800293,
0.005939960479736328,0.09567594528198242,
0.0057752132415771484,0.09514021873474121,
0.005820274353027344,0.09491562843322754,
0.005895137786865234,0.09654498100280762,
0.00527501106262207,0.09089040756225586,
0.005747795104980469,0.09887385368347168,
0.0058820247650146484,0.09537339210510254,
0.005851030349731445,0.09588336944580078,
0.005826234817504883,0.09533834457397461,
0.005872011184692383,0.09505915641784668,
0.005850553512573242,0.09602189064025879,
0.005884408950805664,0.09589767456054688,
0.005915641784667969,0.09493422508239746,
0.005794525146484375,0.09588003158569336,
0.0056951045989990234,0.09530329704284668,
0.005324840545654297,0.09524822235107422,
0.005821704864501953,0.09432244300842285,
0.005835771560668945,0.0971221923828125,
0.005897998809814453,0.09596085548400879,
0.005807161331176758,0.09416842460632324,
0.005736351013183594,0.09609007835388184,
0.0056650638580322266,0.09552311897277832,
0.006874561309814453,0.09754061698913574,
0.005776405334472656,0.09375524520874023,
0.006308555603027344,0.10386276245117188,
0.005450010299682617,0.0850064754486084,
0.005567789077758789,0.09112429618835449,
0.005506277084350586,0.28705883026123047,0.1817638874053955
0.009308815002441406,0.05917692184448242,
0.0091552734375,0.24083781242370605,0.19106221199035645
0.003458738327026367,0.06665492057800293,
0.007831811904907227,0.03930330276489258,
0.007141590118408203,0.04274487495422363,
0.0055048465728759766,0.04569506645202637,
0.004815101623535156,0.041941165924072266,
0.009325504302978516,0.037241458892822266,
0.005643129348754883,0.09155750274658203,
0.005859375,0.09610366821289062,
0.005695343017578125,0.09396743774414062,
0.007022857666015625,0.1047353744506836,
0.00566864013671875,0.08443689346313477,
0.006096839904785156,0.09685325622558594,
0.005902767181396484,0.09253382682800293,
0.0058825016021728516,0.09649658203125,
0.006385087966918945,0.09492731094360352,
0.005399942398071289,0.09464859962463379,
0.00528407096862793,0.09324336051940918,
0.005402326583862305,0.09701418876647949,
0.005350589752197266,0.09474492073059082,
0.0053751468658447266,0.09424352645874023,
0.005270957946777344,0.09642696380615234,
0.005323171615600586,0.09565567970275879,
0.005353212356567383,0.09375166893005371,
0.0053746700286865234,0.09670710563659668,
0.0056841373443603516,0.09101033210754395,
0.0052394866943359375,0.09755086898803711,
0.006157636642456055,0.09437775611877441,
0.005611896514892578,0.0922861099243164,
0.005301475524902344,0.09890437126159668,
0.006155490875244141,0.3073410987854004,0.1990501880645752
0.005557060241699219,0.05921220779418945,
0.00746464729309082,0.24185419082641602,0.1917433738708496
0.010093927383422852,0.05999302864074707,
0.00863337516784668,0.04387640953063965,
0.005547046661376953,0.23689556121826172,0.18615174293518066
0.003793001174926758,0.0568690299987793,
0.006937980651855469,0.2436964511871338,0.19461464881896973
0.005532979965209961,0.05735039710998535,
0.007668018341064453,0.24289774894714355,0.1923227310180664
0.00611567497253418,0.24892401695251465,0.1856389045715332
0.004988193511962891,0.2539026737213135,0.17764902114868164
0.008490800857543945,0.2685537338256836,0.2007913589477539
0.007445096969604492,0.06236529350280762,
0.008237838745117188,0.23924994468688965,0.18672800064086914
0.006293296813964844,0.055197954177856445,
0.009132862091064453,0.0440523624420166,
0.00541996955871582,0.043108224868774414,
0.006947994232177734,0.041611433029174805,
0.006895780563354492,0.04029536247253418,
0.006853580474853516,0.05249357223510742,
0.005991458892822266,0.07718276977539062,
0.0056416988372802734,0.09567975997924805,
0.008124828338623047,0.09993147850036621,
0.005671977996826172,0.09213137626647949,
0.006333351135253906,0.09278368949890137,
0.006331920623779297,0.09627270698547363,
0.006398677825927734,0.09518599510192871,
0.006273508071899414,0.09343314170837402,
0.006282806396484375,0.09639191627502441,
0.0062808990478515625,0.09496045112609863,
0.006388187408447266,0.09345722198486328,
0.0062847137451171875,0.0962514877319336,
0.005420207977294922,0.09464788436889648,
0.006186962127685547,0.09390854835510254,
0.006240129470825195,0.09639739990234375,
0.0062673091888427734,0.09522294998168945,
0.005552053451538086,0.08999443054199219,
0.006420612335205078,0.0978689193725586,
0.006331443786621094,0.0935511589050293,
0.006380796432495117,0.09587979316711426,
0.006329774856567383,0.09617972373962402,
0.006177663803100586,0.09492063522338867,
0.006266117095947266,0.09292292594909668,
0.0063664913177490234,0.09658241271972656,
0.006331443786621094,0.0948188304901123,
0.006165504455566406,0.09336018562316895,
0.006339550018310547,0.09639382362365723,
0.006231546401977539,0.09510421752929688,
0.006250143051147461,0.09478402137756348,
0.006253957748413086,0.09369564056396484,
0.004094600677490234,0.09679865837097168,
0.004432201385498047,0.09511184692382812,
0.008663177490234375,0.10459542274475098,
0.009239673614501953,0.09017658233642578,
0.007112741470336914,0.08931732177734375,
0.005402088165283203,0.10641622543334961,
0.005738735198974609,0.07630014419555664,
0.005969047546386719,0.09480738639831543,
0.0044727325439453125,0.09231090545654297,
0.0043582916259765625,0.09520602226257324,
0.005877256393432617,0.09515190124511719,
0.005255937576293945,0.1168522834777832,
0.0074062347412109375,0.0809774398803711,
0.005068302154541016,0.07984447479248047,
0.005707263946533203,0.09502148628234863,
0.0057413578033447266,0.09575557708740234,
0.006267547607421875,0.09812593460083008,
0.006075143814086914,0.09036803245544434,
0.00563502311706543,0.09295988082885742,
0.006147146224975586,0.09737920761108398,
0.0048596858978271484,0.09401130676269531,
0.005219936370849609,0.1071329116821289,
0.0046579837799072266,0.08037114143371582,
0.004000663757324219,0.0950465202331543,
0.00613713264465332,0.09493255615234375,
0.005095005035400391,0.09329032897949219,
0.0049915313720703125,0.09486651420593262,
0.006223201751708984,0.09574651718139648,
0.005326509475708008,0.09423398971557617,
0.006679534912109375,0.09657812118530273,
0.006194114685058594,0.048520803451538086,
0.00615382194519043,0.09358811378479004,
0.005577802658081055,0.08961105346679688,
0.005658864974975586,0.09316325187683105,
0.004670143127441406,0.09212827682495117,
0.00463104248046875,0.09528303146362305,
0.005660295486450195,0.09881067276000977,
0.005705833435058594,0.09485054016113281,
0.005583286285400391,0.094970703125,
0.00605463981628418,0.09484553337097168,
0.0057146549224853516,0.09443020820617676,
0.005718708038330078,0.09538912773132324,
0.0056607723236083984,0.09424233436584473,
0.006120443344116211,0.09534192085266113,
0.0057637691497802734,0.09339237213134766,
0.006044149398803711,0.09567666053771973,
0.005543708801269531,0.09429597854614258,
0.00620579719543457,0.09597182273864746,
0.006267547607421875,0.09418058395385742,
0.0055277347564697266,0.0934441089630127,
0.005685567855834961,0.09541988372802734,
0.006096839904785156,0.09479498863220215,
0.005564451217651367,0.09464168548583984,
0.005627155303955078,0.09362006187438965,
0.005592823028564453,0.0958089828491211,
0.008421897888183594,0.04108572006225586,
0.005805015563964844,0.08328700065612793,
0.0055348873138427734,0.0937657356262207,
0.005495548248291016,0.09587669372558594,
0.00500941276550293,0.28753113746643066,0.18674373626708984
0.009521245956420898,0.06914663314819336,
0.009695768356323242,0.2393786907196045,0.18689942359924316
0.005915403366088867,0.2640380859375,0.192976713180542
0.008630514144897461,0.24975919723510742,0.18033385276794434
0.005204677581787109,0.2612183094024658,0.19616961479187012
0.005209207534790039,0.24675345420837402,0.18342828750610352
0.005319833755493164,0.26640748977661133,0.19189095497131348
0.010441064834594727,0.2540702819824219,0.18648386001586914
0.002912759780883789,0.06986641883850098,
0.005964756011962891,0.05237221717834473,
0.0062520503997802734,0.042389631271362305,
0.004645586013793945,0.2543001174926758,0.2000293731689453
0.005440711975097656,0.25696253776550293,0.18054604530334473
0.0055959224700927734,0.2563896179199219,0.18874859809875488
0.00808262825012207,0.2594156265258789,0.18267583847045898
0.006059408187866211,0.25040364265441895,0.18405961990356445
0.008676290512084961,0.2538115978240967,0.18450331687927246
0.003484010696411133,0.2585179805755615,0.18614554405212402
0.008558273315429688,0.061072587966918945,
0.00517582893371582,0.045737504959106445,
0.0035860538482666016,0.24941110610961914,0.19002223014831543
0.005446672439575195,0.250732421875,0.17871546745300293
0.006524085998535156,0.2523038387298584,0.18729233741760254
0.006043434143066406,0.2488994598388672,0.1866605281829834
0.005631685256958008,0.06278204917907715,
0.0052106380462646484,0.0406496524810791,
0.0063784122467041016,0.25225400924682617,0.1971912384033203
0.006159067153930664,0.2606484889984131,0.18654870986938477
0.006011486053466797,0.25119495391845703,0.18556427955627441
0.004696369171142578,0.2557218074798584,0.17850303649902344
0.0052759647369384766,0.25684452056884766,0.1817934513092041
0.007750034332275391,0.2524716854095459,0.1846466064453125
0.009778738021850586,0.2681751251220703,0.19147777557373047
0.008446216583251953,0.25483036041259766,0.18858695030212402
0.004950046539306641,0.2639918327331543,0.1863875389099121
0.005972385406494141,0.24970579147338867,0.183182954788208
0.010652780532836914,0.25582122802734375,0.18320727348327637
0.0051136016845703125,0.256162166595459,0.1850125789642334
0.00574946403503418,0.27190423011779785,0.19234895706176758
0.0085906982421875,0.2489778995513916,0.18138670921325684
0.005749940872192383,0.25505590438842773,0.1853780746459961
0.010251045227050781,0.06337213516235352,
0.004141092300415039,0.04278278350830078,
0.005044698715209961,0.04670381546020508,
0.006612062454223633,0.11470723152160645,
0.00636744499206543,0.2409827709197998,0.19173884391784668
0.005471467971801758,0.25931334495544434,0.18095707893371582
0.008252143859863281,0.07175159454345703,
0.01019144058227539,0.24215269088745117,0.18415141105651855
0.00940394401550293,0.05611252784729004,
0.008689641952514648,0.24167323112487793,0.18975329399108887
0.008607625961303711,0.06120729446411133,
0.010216712951660156,0.04604506492614746,
0.003161907196044922,0.04920625686645508,
0.005246162414550781,0.05362725257873535,
0.0068933963775634766,0.04432415962219238,
0.005722999572753906,0.042407989501953125,
0.009439229965209961,0.05189967155456543,
0.009454488754272461,0.049515485763549805,
0.0052127838134765625,0.08193302154541016,
0.0052530765533447266,0.0926353931427002,
0.005162715911865234,0.09477567672729492,
0.00530552864074707,0.09456038475036621,
0.005194902420043945,0.0941464900970459,
0.005526542663574219,0.09012937545776367,
0.005286216735839844,0.10074019432067871,
0.005166530609130859,0.09323596954345703,
0.005368709564208984,0.09238433837890625,
0.005557537078857422,0.09546113014221191,
0.0053920745849609375,0.09374547004699707,
0.0058329105377197266,0.09418129920959473,
0.005951881408691406,0.09317135810852051,
0.005601644515991211,0.09499287605285645,
0.005789279937744141,0.09375596046447754,
0.005165815353393555,0.0937645435333252,
0.005333900451660156,0.09380173683166504,
0.005468845367431641,0.09393787384033203,
0.005338430404663086,0.09512495994567871,
0.005902767181396484,0.09547972679138184,
0.005778074264526367,0.09415459632873535,
0.005669116973876953,0.0936589241027832,
0.005578279495239258,0.09381937980651855,
0.005767107009887695,0.09444451332092285,
0.005660533905029297,0.09422516822814941,
0.005710124969482422,0.09371757507324219,
0.0057392120361328125,0.09403800964355469,
0.005721330642700195,0.09375333786010742,
0.0056304931640625,0.31113553047180176,0.20738959312438965
0.004777669906616211,0.061018943786621094,
0.004098176956176758,0.043958187103271484,
0.004437923431396484,0.04399418830871582,
0.006072282791137695,0.24619245529174805,0.19460844993591309
0.005681037902832031,0.051167964935302734,
0.0055429935455322266,0.04623842239379883,
0.009474754333496094,0.049753665924072266,
0.0052814483642578125,0.1822054386138916,
0.013319015502929688,0.045095205307006836,
0.0053670406341552734,0.034882307052612305,
0.007387638092041016,0.043607473373413086,
0.00620722770690918,0.03688383102416992,
0.010286331176757812,0.05237388610839844,
0.00873422622680664,0.0439298152923584,
0.0059583187103271484,0.03801727294921875,
0.00966334342956543,0.04365420341491699,
0.0050966739654541016,0.05695199966430664,
0.008946895599365234,0.05282139778137207,
0.01250767707824707,0.06469106674194336,
0.006166934967041016,0.05001068115234375,
0.005509376525878906,0.2049727439880371,
0.00934600830078125,0.25061750411987305,0.19351911544799805
0.0053958892822265625,0.06448912620544434,
0.005325794219970703,0.0360107421875,
0.009093284606933594,0.046679019927978516,
0.007658243179321289,0.24077439308166504,0.18712663650512695
0.0058746337890625,0.0536806583404541,
0.00702357292175293,0.040590524673461914,
0.005776405334472656,0.038829803466796875,
0.006230592727661133,0.03699064254760742,
0.005732536315917969,0.04712629318237305,
0.006871223449707031,0.04259490966796875,
0.005591630935668945,0.1792619228363037,
0.00911402702331543,0.05045127868652344,
0.006123781204223633,0.03877115249633789,
0.00628662109375,0.18906760215759277,
0.00801992416381836,0.04698967933654785,
0.0059070587158203125,0.04128384590148926,
0.006205320358276367,0.05752420425415039,
0.0067636966705322266,0.04268455505371094,
0.0046765804290771484,0.047422170639038086,
0.005650997161865234,0.06731343269348145,
0.005574941635131836,0.08474445343017578,
0.005667209625244141,0.09091067314147949,
0.005734682083129883,0.09297847747802734,
0.005703926086425781,0.09467387199401855,
0.005805253982543945,0.0930631160736084,
0.005203962326049805,0.09338760375976562,
0.005701780319213867,0.09335851669311523,
0.0057451725006103516,0.0810389518737793,
0.005777597427368164,0.09484434127807617,
0.005335569381713867,0.09311056137084961,
0.0053975582122802734,0.0836496353149414,
0.005660533905029297,0.09223175048828125,
0.005795001983642578,0.09314560890197754,
0.005684614181518555,0.09358000755310059,
0.005924224853515625,0.0932769775390625,
0.0052661895751953125,0.09175777435302734,
0.004715919494628906,0.09121561050415039,
0.005231618881225586,0.09827756881713867,
0.005169868469238281,0.09602570533752441,
0.005417823791503906,0.08964109420776367,
0.005609750747680664,0.09240555763244629,
0.0052642822265625,0.09437799453735352,
0.005243778228759766,0.09314346313476562,
0.0078012943267822266,0.09186697006225586,
0.005166769027709961,0.08000326156616211,
0.005328178405761719,0.09270048141479492,
0.005194187164306641,0.2869148254394531,0.19666838645935059
0.009517908096313477,0.26254963874816895,0.18839788436889648
0.005708217620849609,0.26962852478027344,0.20254111289978027
0.007315635681152344,0.2585592269897461,0.19029617309570312
0.011838674545288086,0.25620055198669434,0.18491721153259277
0.005064487457275391,0.06785273551940918,
0.01126551628112793,0.2470989227294922,0.18988585472106934
0.010782480239868164,0.060639142990112305,
0.009628057479858398,0.046393394470214844,
0.006456851959228516,0.046305179595947266,
0.0071103572845458984,0.04515528678894043,
0.006238460540771484,0.041332244873046875,
0.005175113677978516,0.0629730224609375,
0.005341529846191406,0.047228097915649414,
0.006328582763671875,0.13793635368347168,
0.007987022399902344,0.04557633399963379,
0.005999326705932617,0.0722355842590332,
0.0057926177978515625,0.08196640014648438,
0.00575709342956543,0.09295129776000977,
0.00574946403503418,0.0929708480834961,
0.005757331848144531,0.08194971084594727,
0.005665302276611328,0.09300374984741211,
0.005329132080078125,0.08902621269226074,
0.005705356597900391,0.09886407852172852,
0.005556821823120117,0.09256768226623535,
0.005688667297363281,0.09308290481567383,
0.0057909488677978516,0.09299778938293457,
0.005391359329223633,0.09197998046875,
0.0057446956634521484,0.0952913761138916,
0.005723476409912109,0.0919954776763916,
0.005083322525024414,0.07842803001403809,
