motion_detector,main,cage_detector
0.010936737060546875,0.0664520263671875,
0.010317087173461914,0.07989335060119629,0.0265042781829834
0.014014005661010742,0.06726980209350586,
0.011015176773071289,0.017487287521362305,
0.01040506362915039,0.01682281494140625,
0.00983428955078125,0.016391277313232422,
0.009851932525634766,0.016443490982055664,
0.009623289108276367,0.015854835510253906,
0.009845733642578125,0.016112565994262695,
0.030269384384155273,0.036763906478881836,
0.008374929428100586,0.015564680099487305,
0.00899052619934082,0.015621185302734375,
0.009445667266845703,0.01593637466430664,
0.011276483535766602,0.017833709716796875,
0.009127140045166016,0.01598978042602539,
0.009386777877807617,0.015820741653442383,
0.017201662063598633,0.023930788040161133,
0.013325929641723633,0.02127671241760254,
0.01036691665649414,0.01725149154663086,
0.010552406311035156,0.017286062240600586,
0.010334253311157227,0.01703667640686035,
0.00994420051574707,0.017088651657104492,
0.027744054794311523,0.03404068946838379,
0.009056329727172852,0.01541590690612793,
0.009711503982543945,0.015889644622802734,
0.009182453155517578,0.015453338623046875,
0.009710073471069336,0.016430139541625977,
0.00964498519897461,0.01616644859313965,
0.009769201278686523,0.016568899154663086,
0.009660482406616211,0.016335725784301758,
0.01154184341430664,0.01831221580505371,
0.00941610336303711,0.016134977340698242,
0.009601354598999023,0.0161893367767334,
0.009483098983764648,0.016157150268554688,
0.02840733528137207,0.035121917724609375,
0.009816169738769531,0.016517162322998047,
0.010295391082763672,0.016735315322875977,
0.010067939758300781,0.04671072959899902,0.029787778854370117
0.010409832000732422,0.042682647705078125,0.02297496795654297
0.008221626281738281,0.04340004920959473,0.024557828903198242
0.00975346565246582,0.04112386703491211,0.02311396598815918
0.008955717086791992,0.06503057479858398,0.046137094497680664
0.01273202896118164,0.04736733436584473,0.024181604385375977
0.009066343307495117,0.045210838317871094,0.025777578353881836
0.010099649429321289,0.0463409423828125,0.026677370071411133
0.009226799011230469,0.04317212104797363,0.025216341018676758
0.00785374641418457,0.04503369331359863,0.027150869369506836
0.009694099426269531,0.06406807899475098,0.045534610748291016
0.009340524673461914,0.04195117950439453,0.02321934700012207
0.007372856140136719,0.0437624454498291,0.025920629501342773
0.009344816207885742,0.045734405517578125,0.027259349822998047
0.009569644927978516,0.04562783241271973,0.02732396125793457
0.009076118469238281,0.04447650909423828,0.025410890579223633
0.013140678405761719,0.06810450553894043,0.045159339904785156
0.00914144515991211,0.04816794395446777,0.027663469314575195
0.009226799011230469,0.04645848274230957,0.027621030807495117
0.010182380676269531,0.04626917839050293,0.027127504348754883
0.01000666618347168,0.045647621154785156,0.026068449020385742
0.009029388427734375,0.0433807373046875,0.024582386016845703
0.008885622024536133,0.06448554992675781,0.046527862548828125
0.009974002838134766,0.04567551612854004,0.026381254196166992
0.009917020797729492,0.04467463493347168,0.025996923446655273
0.009310007095336914,0.04604339599609375,0.02660679817199707
0.008358478546142578,0.04201865196228027,0.024768352508544922
0.00948333740234375,0.04444265365600586,0.025216341018676758
0.008704185485839844,0.06525921821594238,0.045946598052978516
0.008182048797607422,0.04543805122375488,0.027137279510498047
0.008612871170043945,0.04398202896118164,0.025974512100219727
0.010015249252319336,0.04488325119018555,0.025246620178222656
0.008947372436523438,0.04541134834289551,0.02655768394470215
0.009724617004394531,0.04520821571350098,0.026351213455200195
0.009941816329956055,0.06338906288146973,0.04361987113952637
0.009137630462646484,0.04245281219482422,0.02426886558532715
0.009112358093261719,0.04447293281555176,0.02573847770690918
0.009850740432739258,0.043532609939575195,0.02441692352294922
0.009560585021972656,0.046169281005859375,0.026197195053100586
0.008924722671508789,0.04807114601135254,0.0272524356842041
0.00938105583190918,0.06545305252075195,0.04638099670410156
0.010440826416015625,0.045191287994384766,0.0257415771484375
0.010384082794189453,0.043950557708740234,0.024366140365600586
0.009215593338012695,0.04526925086975098,0.025950908660888672
0.008072853088378906,0.04108095169067383,0.023812532424926758
0.008948326110839844,0.04264044761657715,0.02448868751525879
0.008015871047973633,0.060331106185913086,0.0438237190246582
0.009435176849365234,0.01846933364868164,
0.011874198913574219,0.018510103225708008,
0.009349584579467773,0.042092084884643555,0.025653600692749023
0.009972095489501953,0.019441604614257812,
0.00993967056274414,0.01642465591430664,
0.00965118408203125,0.01658487319946289,
0.00941324234008789,0.016112804412841797,
0.009739875793457031,0.016360759735107422,
0.00968170166015625,0.017012596130371094,
0.009978771209716797,0.016731739044189453,
0.029877424240112305,0.03679466247558594,
0.009498119354248047,0.016178369522094727,
0.009793758392333984,0.01626443862915039,
0.0107879638671875,0.017302989959716797,
0.009718894958496094,0.016202926635742188,
0.00989842414855957,0.016531944274902344,
0.009898662567138672,0.016541481018066406,
0.01005697250366211,0.01666712760925293,
0.010055065155029297,0.01669001579284668,
0.01046895980834961,0.01691293716430664,
0.01005864143371582,0.01674485206604004,
0.010450601577758789,0.017142295837402344,
0.010666131973266602,0.017413854598999023,
0.028478145599365234,0.03496098518371582,
0.009153366088867188,0.015802860260009766,
0.010072469711303711,0.016546964645385742,
0.009572267532348633,0.01612544059753418,
0.010034799575805664,0.016218900680541992,
0.00966954231262207,0.01584172248840332,
0.012224435806274414,0.018743038177490234,
0.009612560272216797,0.016041040420532227,
0.013712882995605469,0.020517587661743164,
0.01222372055053711,0.02115797996520996,
0.008199930191040039,0.01571488380432129,
0.011351823806762695,0.019709110260009766,
0.02807140350341797,0.034852027893066406,
0.009107351303100586,0.01554107666015625,
0.01244807243347168,0.018915176391601562,
0.009421586990356445,0.01641058921813965,
0.010024785995483398,0.016635656356811523,
0.010110616683959961,0.016739606857299805,
0.00973367691040039,0.01641225814819336,
0.009619474411010742,0.01601886749267578,
0.00958395004272461,0.016158580780029297,
0.009670019149780273,0.01654219627380371,
0.01060032844543457,0.017346620559692383,
0.009747743606567383,0.016363143920898438,
0.030843496322631836,0.037506818771362305,
0.009353160858154297,0.01594710350036621,
0.010148286819458008,0.016858577728271484,
0.00936269760131836,0.015932083129882812,
0.00948476791381836,0.01610708236694336,
0.009394645690917969,0.015837430953979492,
0.011015653610229492,0.017504453659057617,
0.009449243545532227,0.015587329864501953,
0.011339187622070312,0.017549753189086914,
0.009953737258911133,0.01629495620727539,
0.010475873947143555,0.017249107360839844,
0.009231328964233398,0.06109905242919922,0.04515647888183594
0.009759187698364258,0.04400444030761719,0.024592876434326172
0.00802469253540039,0.04317331314086914,0.024993896484375
0.009656667709350586,0.04477095603942871,0.026012659072875977
0.010236978530883789,0.045294761657714844,0.025983810424804688
0.009421825408935547,0.04541444778442383,0.026358604431152344
0.008598089218139648,0.06384921073913574,0.04632258415222168
0.008770227432250977,0.04115891456604004,0.023586750030517578
0.008488893508911133,0.046415090560913086,0.0272829532623291
0.009038448333740234,0.04671454429626465,0.027918338775634766
0.008897542953491211,0.04200124740600586,0.024365901947021484
0.009141921997070312,0.04424715042114258,0.024790048599243164
0.00745701789855957,0.06361699104309082,0.04567265510559082
0.00985407829284668,0.05296611785888672,0.034956932067871094
0.008504152297973633,0.04611515998840332,0.02729034423828125
0.008180856704711914,0.043903350830078125,0.0258638858795166
0.010280847549438477,0.045209407806396484,0.025522470474243164
0.0078582763671875,0.0456998348236084,0.02712082862854004
0.008420944213867188,0.06278824806213379,0.045594215393066406
0.009786844253540039,0.04474830627441406,0.026221513748168945
0.010178565979003906,0.04627180099487305,0.026392698287963867
0.009044647216796875,0.04667377471923828,0.02696061134338379
0.009035110473632812,0.04546785354614258,0.026627063751220703
0.00961923599243164,0.047708988189697266,0.028429746627807617
0.009856939315795898,0.06729459762573242,0.048380136489868164
0.01092386245727539,0.0438840389251709,0.024060964584350586
0.009829282760620117,0.0471193790435791,0.027526378631591797
0.009680986404418945,0.04731917381286621,0.026586055755615234
0.00968480110168457,0.04965066909790039,0.03032994270324707
0.008091211318969727,0.043782711029052734,0.026506423950195312
0.013008832931518555,0.06979656219482422,0.047359466552734375
0.009810447692871094,0.04378986358642578,0.02488565444946289
0.009958505630493164,0.04463338851928711,0.025118350982666016
0.007757663726806641,0.04475665092468262,0.026276350021362305
0.011015892028808594,0.046501874923706055,0.02695488929748535
0.010760784149169922,0.0194089412689209,
0.009850025177001953,0.01646113395690918,
0.010886907577514648,0.01800060272216797,
0.02940535545349121,0.03593850135803223,
0.009366512298583984,0.015992403030395508,
0.009778738021850586,0.016308307647705078,
0.010026931762695312,0.016633033752441406,
0.009737730026245117,0.016220569610595703,
0.009858846664428711,0.016501903533935547,
0.009827613830566406,0.016271591186523438,
0.009752035140991211,0.016187429428100586,
0.009936809539794922,0.016314029693603516,
0.010057926177978516,0.01667022705078125,
0.00992584228515625,0.01667642593383789,
0.009861946105957031,0.01659560203552246,
0.029602527618408203,0.03636598587036133,
0.009439229965209961,0.015535116195678711,
0.009206771850585938,0.015660762786865234,
0.009246826171875,0.01665520668029785,
0.009274721145629883,0.015812397003173828,
0.010106563568115234,0.016749143600463867,
0.01053619384765625,0.01699686050415039,
0.009330034255981445,0.015594720840454102,
0.0093994140625,0.015959978103637695,
0.010083675384521484,0.016886472702026367,
0.009578943252563477,0.01630425453186035,
0.010150432586669922,0.016649246215820312,
0.010300159454345703,0.016986608505249023,
0.029627561569213867,0.036270856857299805,
0.008856773376464844,0.015707015991210938,
0.008631706237792969,0.01623392105102539,
0.0098876953125,0.016521453857421875,
0.009101390838623047,0.015847444534301758,
0.009558439254760742,0.01583075523376465,
0.009344100952148438,0.01572394371032715,
0.012037992477416992,0.01838088035583496,
0.009427785873413086,0.015983104705810547,
0.009812355041503906,0.016298770904541016,
0.009410619735717773,0.015880584716796875,
0.013965845108032227,0.020549297332763672,
0.028130054473876953,0.036650896072387695,
0.009679555892944336,0.044706106185913086,0.02738165855407715
0.009314537048339844,0.01862025260925293,
0.009204864501953125,0.01698446273803711,
0.010747194290161133,0.018290996551513672,
0.008992433547973633,0.01707744598388672,
0.009059906005859375,0.01662588119506836,
0.009193658828735352,0.016649723052978516,
0.00916433334350586,0.01671433448791504,
0.008890867233276367,0.04250907897949219,0.025958776473999023
0.03320789337158203,0.06566619873046875,0.02396559715270996
0.00955510139465332,0.042670249938964844,0.023776769638061523
0.009061098098754883,0.043981075286865234,0.024522781372070312
0.009660720825195312,0.04779243469238281,0.02920365333557129
0.010722637176513672,0.04673337936401367,0.026388883590698242
0.009799718856811523,0.043923139572143555,0.025052547454833984
0.02905869483947754,0.06421065330505371,0.0253753662109375
0.009284734725952148,0.04618573188781738,0.02694869041442871
0.008979082107543945,0.04587817192077637,0.027001380920410156
0.010083198547363281,0.04615449905395508,0.02703380584716797
0.009927034378051758,0.04373788833618164,0.024741172790527344
0.007844924926757812,0.04326438903808594,0.025547266006469727
0.02922987937927246,0.06225895881652832,0.02442789077758789
0.009900093078613281,0.04482293128967285,0.025368690490722656
0.009217500686645508,0.04657173156738281,0.026913881301879883
0.009033918380737305,0.04563021659851074,0.0268857479095459
0.010319709777832031,0.043205976486206055,0.023756742477416992
0.008806943893432617,0.04748415946960449,0.028313636779785156
0.03169536590576172,0.06844258308410645,0.02678680419921875
0.009633541107177734,0.04692649841308594,0.026728153228759766
0.00888824462890625,0.046904802322387695,0.02704596519470215
0.011024951934814453,0.0471653938293457,0.026851654052734375
0.009859323501586914,0.042664527893066406,0.023792505264282227
0.008983612060546875,0.04469609260559082,0.025633811950683594
0.03373527526855469,0.0670156478881836,0.02309894561767578
0.007714033126831055,0.04268074035644531,0.02518296241760254
0.0103912353515625,0.04288029670715332,0.02370285987854004
0.013587236404418945,0.04828834533691406,0.02461695671081543
0.007907390594482422,0.04415130615234375,0.026528358459472656
0.00967264175415039,0.0447382926940918,0.0256955623626709
0.029488086700439453,0.06260871887207031,0.02392435073852539
0.00893092155456543,0.04521465301513672,0.02664637565612793
0.009234189987182617,0.047086238861083984,0.02855658531188965
0.01383662223815918,0.049247026443481445,0.02551126480102539
0.009839773178100586,0.04503226280212402,0.02579474449157715
0.00878143310546875,0.04471850395202637,0.026775598526000977
0.027249574661254883,0.06246447563171387,0.025839567184448242
0.009834766387939453,0.04823780059814453,0.029134750366210938
0.009602546691894531,0.04160475730895996,0.023175716400146484
0.008829116821289062,0.019243955612182617,
0.008787870407104492,0.016205310821533203,
0.008651018142700195,0.04388904571533203,0.027720928192138672
0.011176347732543945,0.04725527763366699,0.026474952697753906
0.028961181640625,0.03777170181274414,
0.00835871696472168,0.015647172927856445,
0.008722543716430664,0.015311717987060547,
0.009742259979248047,0.04101419448852539,0.024726390838623047
0.011020183563232422,0.020111560821533203,
0.010264396667480469,0.01669907569885254,
0.01148676872253418,0.018224239349365234,
0.009142160415649414,0.015968799591064453,
0.009729385375976562,0.016056537628173828,
0.009846925735473633,0.01629471778869629,
0.009476900100708008,0.015875816345214844,
0.029506206512451172,0.03603839874267578,
0.00940394401550293,0.01582479476928711,
0.009772539138793945,0.016016721725463867,
0.010210752487182617,0.016391754150390625,
0.010579586029052734,0.016644001007080078,
0.010105371475219727,0.016547203063964844,
0.009557962417602539,0.015841960906982422,
0.00953221321105957,0.01596522331237793,
0.010069131851196289,0.016371488571166992,
0.009671688079833984,0.016405820846557617,
0.010120868682861328,0.01673293113708496,
0.009619474411010742,0.01639270782470703,
0.009831905364990234,0.016139507293701172,
0.0365290641784668,0.04288005828857422,
0.009380102157592773,0.016747474670410156,
0.00809168815612793,0.015609264373779297,
0.008870363235473633,0.016232967376708984,
0.008599042892456055,0.016318321228027344,
0.008177518844604492,0.015061616897583008,
0.00949716567993164,0.015413761138916016,
0.009556055068969727,0.015616655349731445,
0.009662628173828125,0.017065763473510742,
0.009308815002441406,0.015559911727905273,
0.011257410049438477,0.018289566040039062,
0.008357524871826172,0.01494288444519043,
0.028438329696655273,0.03525066375732422,
0.009174823760986328,0.015544414520263672,
0.010523319244384766,0.01798391342163086,
0.009239912033081055,0.015424251556396484,
0.009373664855957031,0.0160214900970459,
0.012993335723876953,0.019183635711669922,
0.008487462997436523,0.017185688018798828,
0.009554862976074219,0.04644346237182617,0.030037641525268555
0.009146451950073242,0.01756739616394043,
0.010067939758300781,0.017244815826416016,
0.012249469757080078,0.019081830978393555,
0.030984878540039062,0.038095951080322266,
0.009536266326904297,0.016312599182128906,
0.012320280075073242,0.019828081130981445,
0.010204792022705078,0.016722440719604492,
0.011866331100463867,0.019452333450317383,
0.009988546371459961,0.016510486602783203,
0.011021852493286133,0.043355703353881836,0.025622129440307617
0.009863615036010742,0.04359078407287598,0.02334284782409668
0.008069753646850586,0.04470491409301758,0.02657628059387207
0.029816150665283203,0.06461215019226074,0.025477170944213867
0.009443044662475586,0.04642605781555176,0.027437686920166016
0.010677337646484375,0.04608798027038574,0.025347232818603516
0.008938312530517578,0.044647216796875,0.02587270736694336
0.009651660919189453,0.04338836669921875,0.025014162063598633
0.01011347770690918,0.04410147666931152,0.024093151092529297
0.029747724533081055,0.0657355785369873,0.023992061614990234
0.008945465087890625,0.04524970054626465,0.02617621421813965
0.009768486022949219,0.04502725601196289,0.026107311248779297
0.009212732315063477,0.048358917236328125,0.030025720596313477
0.009402751922607422,0.04397130012512207,0.0250091552734375
0.009628772735595703,0.04478287696838379,0.02517533302307129
0.029539108276367188,0.06419634819030762,0.025298118591308594
0.010342121124267578,0.04576683044433594,0.02588367462158203
0.015974044799804688,0.06634187698364258,0.03657793998718262
0.010145425796508789,0.045377254486083984,0.024935245513916016
0.013322591781616211,0.04916191101074219,0.025790691375732422
0.013381719589233398,0.05150651931762695,0.027713298797607422
0.02924823760986328,0.06459403038024902,0.0253140926361084
0.013536214828491211,0.05067324638366699,0.026560068130493164
0.008372068405151367,0.045088768005371094,0.026577234268188477
0.009783506393432617,0.04527449607849121,0.026814937591552734
0.009954452514648438,0.04687786102294922,0.02685260772705078
0.009044170379638672,0.04539203643798828,0.02600884437561035
0.02818894386291504,0.06356620788574219,0.02489781379699707
0.009185075759887695,0.043831825256347656,0.02563023567199707
0.009762048721313477,0.044205427169799805,0.02503514289855957
0.007804393768310547,0.04478120803833008,0.026914596557617188
0.009909391403198242,0.04412841796875,0.025213956832885742
0.009465932846069336,0.042536020278930664,0.024187803268432617
0.031195402145385742,0.06434035301208496,0.023412227630615234
0.009015798568725586,0.04575228691101074,0.027455806732177734
0.00984644889831543,0.04332780838012695,0.023958921432495117
0.009711503982543945,0.019580841064453125,
0.009715080261230469,0.016747236251831055,
0.009935140609741211,0.017163991928100586,
0.010027408599853516,0.04325985908508301,0.02583003044128418
0.008748531341552734,0.0631399154663086,0.04413294792175293
0.008850812911987305,0.017812490463256836,
0.008857488632202148,0.015074968338012695,
0.015547990798950195,0.02220940589904785,
0.013187170028686523,0.022511959075927734,
0.010689496994018555,0.017293691635131836,
0.011344671249389648,0.017987489700317383,
0.009944677352905273,0.016866207122802734,
0.009781122207641602,0.016501903533935547,
0.010212182998657227,0.016816139221191406,
0.009972095489501953,0.016586780548095703,
0.01047515869140625,0.017061710357666016,
0.029107093811035156,0.03573036193847656,
0.009077310562133789,0.015707015991210938,
0.009988069534301758,0.016412734985351562,
0.010317087173461914,0.017110109329223633,
0.010141849517822266,0.0170137882232666,
0.010237455368041992,0.017000913619995117,
0.010958433151245117,0.01771235466003418,
0.008815526962280273,0.016366243362426758,
0.00962686538696289,0.015810489654541016,
0.010138988494873047,0.01654982566833496,
0.009680747985839844,0.017040491104125977,
0.009398698806762695,0.01568317413330078,
0.009604692459106445,0.016360044479370117,
0.028838396072387695,0.035552263259887695,
0.009360790252685547,0.015494585037231445,
0.010185718536376953,0.016441822052001953,
0.010231971740722656,0.016607999801635742,
0.009428024291992188,0.015786409378051758,
0.009267807006835938,0.01648998260498047,
0.010993242263793945,0.017257213592529297,
0.008838415145874023,0.015355348587036133,
0.01030874252319336,0.017108917236328125,
0.009526968002319336,0.01589512825012207,
0.009942054748535156,0.016060352325439453,
0.010039567947387695,0.0164794921875,
0.029473066329956055,0.03603076934814453,
0.009319305419921875,0.015590429306030273,
0.009778976440429688,0.016354084014892578,
0.009954452514648438,0.01643824577331543,
0.009835958480834961,0.016177654266357422,
0.012148141860961914,0.018878936767578125,
0.010216236114501953,0.016411304473876953,
0.009511947631835938,0.01636981964111328,
0.011259078979492188,0.017650604248046875,
0.009070158004760742,0.015302181243896484,
0.009056568145751953,0.015399694442749023,
0.009749889373779297,0.01631307601928711,
0.028921127319335938,0.03547310829162598,
0.010378837585449219,0.016841411590576172,
0.008627891540527344,0.016033649444580078,
0.009805440902709961,0.015883922576904297,
0.010164976119995117,0.01658177375793457,
0.011257648468017578,0.01775217056274414,
0.009815692901611328,0.01647353172302246,
0.009326457977294922,0.015502691268920898,
0.009032964706420898,0.015546798706054688,
0.010715961456298828,0.017039060592651367,
0.009714603424072266,0.016613006591796875,
0.009922981262207031,0.016588449478149414,
0.028435230255126953,0.03460264205932617,
0.00945734977722168,0.015689849853515625,
0.009902715682983398,0.016553640365600586,
0.009888648986816406,0.016478300094604492,
0.01006174087524414,0.016793251037597656,
0.00950932502746582,0.01604914665222168,
0.009800910949707031,0.016115188598632812,
0.009814977645874023,0.016326427459716797,
0.0100250244140625,0.016746997833251953,
0.009542226791381836,0.016184329986572266,
0.010337114334106445,0.017139911651611328,
0.010213375091552734,0.016805410385131836,
0.02909684181213379,0.03640460968017578,
0.008141040802001953,0.015160560607910156,
0.00877690315246582,0.014909505844116211,
0.009964942932128906,0.01625967025756836,
0.012937784194946289,0.019153594970703125,
0.009322166442871094,0.015574216842651367,
0.009108781814575195,0.015287637710571289,
0.010205745697021484,0.0165863037109375,
0.00915074348449707,0.016743183135986328,
0.013281583786010742,0.04702615737915039,0.027245044708251953
0.00978541374206543,0.06447100639343262,0.04556584358215332
0.01072239875793457,0.04277610778808594,0.023578643798828125
0.0077495574951171875,0.04384613037109375,0.025946855545043945
0.009867191314697266,0.045539140701293945,0.02668285369873047
0.010729312896728516,0.043608903884887695,0.024233579635620117
0.008228778839111328,0.04365944862365723,0.02572488784790039
0.010048866271972656,0.06389188766479492,0.045442819595336914
0.009264707565307617,0.04301714897155762,0.024537324905395508
0.009691715240478516,0.045125722885131836,0.02471017837524414
0.008664846420288086,0.043581485748291016,0.025782108306884766
0.010120868682861328,0.04365372657775879,0.025089502334594727
0.0077362060546875,0.04445695877075195,0.026752710342407227
0.010417938232421875,0.06818747520446777,0.04824042320251465
0.009245157241821289,0.046570539474487305,0.027517318725585938
0.013403654098510742,0.04900479316711426,0.02637934684753418
0.014609336853027344,0.05261874198913574,0.028522253036499023
0.009105205535888672,0.04571890830993652,0.02686333656311035
0.010044574737548828,0.04658627510070801,0.027645111083984375
0.031372785568237305,0.06777071952819824,0.027040958404541016
0.010546684265136719,0.04680514335632324,0.02675914764404297
0.009865760803222656,0.04450058937072754,0.024503469467163086
0.008175849914550781,0.043680667877197266,0.026439428329467773
0.010885000228881836,0.04409432411193848,0.023746252059936523
0.008648395538330078,0.06408405303955078,0.04511237144470215
0.008047819137573242,0.04450654983520508,0.026516199111938477
0.009869813919067383,0.04366493225097656,0.02504754066467285
0.010334253311157227,0.04521942138671875,0.02501368522644043
0.008151769638061523,0.04497575759887695,0.025102853775024414
0.009206295013427734,0.040962934494018555,0.023391008377075195
0.029030323028564453,0.06390523910522461,0.02507948875427246
0.007997751235961914,0.04450559616088867,0.02670001983642578
0.009737014770507812,0.043384552001953125,0.025615692138671875
0.010414361953735352,0.04520821571350098,0.024583101272583008
0.008123636245727539,0.044203996658325195,0.026085615158081055
0.009988784790039062,0.06194782257080078,0.0438847541809082
0.009559154510498047,0.04330897331237793,0.024747848510742188
0.013067483901977539,0.022766828536987305,
0.010784149169921875,0.017880916595458984,
0.011940479278564453,0.018474340438842773,
0.01414799690246582,0.020901918411254883,
0.01016545295715332,0.01741194725036621,
0.008891582489013672,0.015495061874389648,
0.015624761581420898,0.02202773094177246,
0.008121967315673828,0.01648426055908203,
0.035649776458740234,0.04531407356262207,
0.014744043350219727,0.020963668823242188,
0.01273798942565918,0.021096229553222656,
0.010052919387817383,0.017069578170776367,
0.009936809539794922,0.016909122467041016,
0.01158905029296875,0.01832723617553711,
0.01124262809753418,0.01786327362060547,
0.010334491729736328,0.016842126846313477,
0.010118484497070312,0.01632094383239746,
0.01131296157836914,0.01756572723388672,
0.011219024658203125,0.01804375648498535,
0.030289649963378906,0.03645133972167969,
0.008840322494506836,0.01595282554626465,
0.009218692779541016,0.015501022338867188,
0.009578466415405273,0.015892505645751953,
0.008610248565673828,0.014881134033203125,
0.011005401611328125,0.017305612564086914,
0.010145187377929688,0.016394615173339844,
0.00979304313659668,0.016199111938476562,
0.009596109390258789,0.01566290855407715,
0.010004520416259766,0.023250818252563477,
0.007965326309204102,0.01560068130493164,
0.007983922958374023,0.015621662139892578,
0.027843475341796875,0.034783124923706055,
0.007860183715820312,0.015471935272216797,
0.007903337478637695,0.015293359756469727,
0.012110233306884766,0.018372535705566406,
0.009019851684570312,0.016458749771118164,
0.009326696395874023,0.016753196716308594,
0.009079217910766602,0.016626834869384766,
0.008781909942626953,0.015782833099365234,
0.008837699890136719,0.016221284866333008,
0.00924539566040039,0.015839576721191406,
0.008770942687988281,0.015001058578491211,
0.00969839096069336,0.01585531234741211,
0.009880542755126953,0.01603412628173828,
0.014793872833251953,0.021442890167236328,
0.007921934127807617,0.01574540138244629,
0.008418083190917969,0.04137921333312988,0.02554607391357422
0.011281967163085938,0.044588565826416016,0.02469801902770996
0.009556293487548828,0.046774864196777344,0.02587604522705078
0.008719205856323242,0.05194830894470215,0.03305792808532715
0.007906436920166016,0.04374861717224121,0.025434017181396484
0.00974273681640625,0.04624223709106445,0.027415752410888672
0.012529373168945312,0.047591209411621094,0.025941133499145508
0.009881258010864258,0.0428318977355957,0.02379918098449707
0.008360147476196289,0.04362988471984863,0.02614283561706543
0.029210567474365234,0.06324267387390137,0.025075197219848633
0.01042318344116211,0.04509305953979492,0.025092124938964844
0.009313821792602539,0.045767784118652344,0.026133298873901367
0.008954763412475586,0.045626163482666016,0.02713298797607422
0.009859323501586914,0.04720735549926758,0.028575897216796875
0.010938644409179688,0.04754352569580078,0.02605462074279785
0.010215282440185547,0.04711508750915527,0.026677846908569336
0.010435819625854492,0.0503695011138916,0.0294497013092041
0.009907722473144531,0.04767966270446777,0.027424335479736328
0.029731035232543945,0.06668257713317871,0.026759624481201172
0.009491205215454102,0.04983687400817871,0.029522418975830078
0.009449243545532227,0.04758644104003906,0.02808403968811035
0.009614706039428711,0.04833340644836426,0.02796459197998047
0.009009838104248047,0.04581928253173828,0.027042865753173828
0.010346174240112305,0.047751665115356445,0.02805185317993164
0.029207468032836914,0.06572484970092773,0.02734208106994629
0.011350154876708984,0.04696083068847656,0.0261991024017334
0.011356115341186523,0.04837536811828613,0.026380300521850586
0.01016545295715332,0.054039716720581055,0.033555030822753906
0.013970375061035156,0.054624080657958984,0.030002117156982422
0.010183572769165039,0.0680537223815918,0.048960208892822266
0.009234189987182617,0.04297971725463867,0.024884700775146484
0.00970768928527832,0.044292449951171875,0.025079727172851562
0.00855708122253418,0.047348737716674805,0.028583526611328125
0.009421110153198242,0.0467534065246582,0.027822494506835938
0.014252662658691406,0.05047249794006348,0.026830673217773438
0.030902862548828125,0.06543493270874023,0.025708675384521484
0.009813070297241211,0.0458831787109375,0.026752710342407227
0.010755538940429688,0.0460507869720459,0.02592778205871582
0.010272979736328125,0.047712087631225586,0.027128219604492188
0.013475418090820312,0.04951786994934082,0.025491714477539062
0.009029626846313477,0.06656742095947266,0.04721522331237793
0.009549140930175781,0.046271562576293945,0.02660083770751953
0.009554386138916016,0.04632306098937988,0.02747058868408203
0.009821176528930664,0.04522705078125,0.026166200637817383
0.01037287712097168,0.04627847671508789,0.0265042781829834
0.009464740753173828,0.04802107810974121,0.02826666831970215
0.02775430679321289,0.06283426284790039,0.02510213851928711
0.00922703742980957,0.040265560150146484,0.02224254608154297
0.01028585433959961,0.04653525352478027,0.02603936195373535
0.00923776626586914,0.04359698295593262,0.025125741958618164
0.009867429733276367,0.042542219161987305,0.024338483810424805
0.009045600891113281,0.06526470184326172,0.045488834381103516
0.008619070053100586,0.04448103904724121,0.0257568359375
0.010532379150390625,0.04373884201049805,0.024983644485473633
0.010426521301269531,0.04433703422546387,0.024996042251586914
0.009113788604736328,0.045996665954589844,0.026706695556640625
0.009596824645996094,0.04255938529968262,0.024125337600708008
0.029003143310546875,0.06334614753723145,0.025387287139892578
0.009833335876464844,0.019438982009887695,
0.009644746780395508,0.05318593978881836,0.03590750694274902
0.01706099510192871,0.028310537338256836,
0.011381149291992188,0.023352861404418945,
0.013298511505126953,0.04687905311584473,0.026725292205810547
0.010801315307617188,0.019282102584838867,
0.010887861251831055,0.017335891723632812,
0.030295133590698242,0.03677725791931152,
0.009073495864868164,0.01550436019897461,
0.00968623161315918,0.015777111053466797,
0.010059595108032227,0.01663827896118164,
0.009975910186767578,0.016596555709838867,
0.010054588317871094,0.01667189598083496,
0.009987115859985352,0.016779184341430664,
0.010034799575805664,0.016679048538208008,
0.010273933410644531,0.0171968936920166,
0.010046720504760742,0.016786813735961914,
0.01042628288269043,0.016999006271362305,
0.030498743057250977,0.03725290298461914,
0.00931859016418457,0.016630887985229492,
0.009193897247314453,0.016722679138183594,
0.009339570999145508,0.016460180282592773,
0.010855674743652344,0.018293142318725586,
0.00925588607788086,0.016936063766479492,
0.009566307067871094,0.017258405685424805,
0.009659767150878906,0.017169713973999023,
0.009453535079956055,0.016987085342407227,
0.009473800659179688,0.01678013801574707,
0.00996851921081543,0.016857385635375977,
0.009536027908325195,0.0162203311920166,
0.02917647361755371,0.03625822067260742,
0.009330272674560547,0.01630544662475586,
0.010961771011352539,0.017744779586791992,
0.009606122970581055,0.016155719757080078,
0.010907173156738281,0.01770925521850586,
0.01753711700439453,0.02672743797302246,
0.013699769973754883,0.022451162338256836,
0.012495279312133789,0.019059419631958008,
0.01065373420715332,0.017410993576049805,
0.009836912155151367,0.016506671905517578,
0.009735822677612305,0.015945911407470703,
0.009962797164916992,0.01609325408935547,
0.009862661361694336,0.016289234161376953,
0.009907960891723633,0.01629161834716797,
0.009985923767089844,0.01624917984008789,
0.009426355361938477,0.015633583068847656,
0.010110616683959961,0.016223907470703125,
0.010380029678344727,0.01689457893371582,
0.010245084762573242,0.016887903213500977,
0.010443687438964844,0.017084360122680664,
0.010161876678466797,0.016693115234375,
0.010532379150390625,0.017019987106323242,
0.010817766189575195,0.017389774322509766,
0.009960412979125977,0.01626420021057129,
0.010271787643432617,0.016356706619262695,
0.010164499282836914,0.01627826690673828,
0.01272130012512207,0.019075870513916016,
0.011242866516113281,0.018023014068603516,
0.010899543762207031,0.017140626907348633,
0.008808135986328125,0.015403985977172852,
0.009878873825073242,0.017808198928833008,
0.008870840072631836,0.015525579452514648,
0.028762102127075195,0.035230398178100586,
0.009336709976196289,0.017024755477905273,
0.00950169563293457,0.01655721664428711,
0.00837850570678711,0.015857458114624023,
0.008686542510986328,0.015373468399047852,
0.009519815444946289,0.015714168548583984,
0.009781599044799805,0.015749454498291016,
0.009638786315917969,0.039942026138305664,0.02413654327392578
0.011798858642578125,0.05490255355834961,0.03234720230102539
0.010561704635620117,0.055694580078125,0.03466463088989258
0.009430408477783203,0.04524874687194824,0.026134967803955078
0.009938240051269531,0.04344582557678223,0.02438807487487793
0.009709596633911133,0.0677192211151123,0.04778742790222168
0.009445428848266602,0.044487714767456055,0.025299787521362305
0.008496999740600586,0.04414176940917969,0.025736570358276367
0.009990453720092773,0.04997706413269043,0.030834674835205078
0.010227680206298828,0.0437471866607666,0.02472543716430664
0.009760141372680664,0.049095869064331055,0.029485464096069336
0.01025843620300293,0.06664466857910156,0.045806169509887695
0.009758710861206055,0.046146392822265625,0.025300979614257812
0.008376836776733398,0.04509258270263672,0.02720332145690918
0.009631633758544922,0.04378223419189453,0.025295257568359375
0.010610818862915039,0.04434680938720703,0.023763656616210938
0.008479833602905273,0.04509425163269043,0.0256655216217041
0.030234336853027344,0.06404662132263184,0.025487661361694336
0.0089111328125,0.043340444564819336,0.025619029998779297
0.009915351867675781,0.04504752159118652,0.025115489959716797
0.008913516998291016,0.04297518730163574,0.02561783790588379
0.010381460189819336,0.045531272888183594,0.026010513305664062
0.010722875595092773,0.07121157646179199,0.05074501037597656
0.012763023376464844,0.0483098030090332,0.02625751495361328
0.010245084762573242,0.04596686363220215,0.02647686004638672
0.010230541229248047,0.04763364791870117,0.02681589126586914
0.00955653190612793,0.04848790168762207,0.028889894485473633
0.009154558181762695,0.046016693115234375,0.027187585830688477
0.030448436737060547,0.06407904624938965,0.02442169189453125
0.010096311569213867,0.04584789276123047,0.026267528533935547
0.009676694869995117,0.04512953758239746,0.025488853454589844
0.00841665267944336,0.045096397399902344,0.027371883392333984
0.009793519973754883,0.04468226432800293,0.026006221771240234
0.010250568389892578,0.0650482177734375,0.045346975326538086
0.010494470596313477,0.04456138610839844,0.024266481399536133
0.009448766708374023,0.04574847221374512,0.026381254196166992
0.008835315704345703,0.04355597496032715,0.025541305541992188
0.010471343994140625,0.04425382614135742,0.024617433547973633
0.008713483810424805,0.04629158973693848,0.02738022804260254
0.034264326095581055,0.07033920288085938,0.02637338638305664
0.009583711624145508,0.04654860496520996,0.027906179428100586
0.009700775146484375,0.045953989028930664,0.026706218719482422
0.010225296020507812,0.04491114616394043,0.02575540542602539
0.01182413101196289,0.0475306510925293,0.026221275329589844
0.010000467300415039,0.06573939323425293,0.045308589935302734
0.00867009162902832,0.044965505599975586,0.02688145637512207
0.010838747024536133,0.04713296890258789,0.027570247650146484
0.00995492935180664,0.018666982650756836,
0.010495901107788086,0.017061710357666016,
0.010458946228027344,0.01696944236755371,
0.010432720184326172,0.017006635665893555,
0.010373115539550781,0.016881227493286133,
0.010126113891601562,0.01660776138305664,
0.03135061264038086,0.03798818588256836,
0.009541511535644531,0.016993284225463867,
0.009533166885375977,0.016938209533691406,
0.00955963134765625,0.016538143157958984,
0.00994253158569336,0.01728653907775879,
0.009018659591674805,0.016484498977661133,
0.008083581924438477,0.01521611213684082,
0.008075952529907227,0.01578974723815918,
0.00820302963256836,0.01553654670715332,
0.00901484489440918,0.01635885238647461,
0.00903630256652832,0.016055822372436523,
0.029085159301757812,0.03587627410888672,
0.008153200149536133,0.015328645706176758,
0.008183479309082031,0.015518903732299805,
0.008830070495605469,0.015569448471069336,
0.009319305419921875,0.015871763229370117,
0.009598731994628906,0.015989303588867188,
0.009913921356201172,0.01631450653076172,
0.010431051254272461,0.016777992248535156,
0.010203123092651367,0.01671576499938965,
0.01036691665649414,0.017017602920532227,
0.010218143463134766,0.01675724983215332,
0.013969659805297852,0.02077031135559082,
0.03179931640625,0.039688825607299805,
0.01301121711730957,0.020852088928222656,
0.012307882308959961,0.01932215690612793,
0.00862884521484375,0.017232179641723633,
0.008790731430053711,0.015000343322753906,
0.010553836822509766,0.01681065559387207,
0.009972333908081055,0.01641845703125,
0.009424686431884766,0.015709877014160156,
0.010004997253417969,0.016021013259887695,
0.010118246078491211,0.01627516746520996,
0.010146617889404297,0.01686406135559082,
0.010158777236938477,0.016726255416870117,
0.010288715362548828,0.016843795776367188,
0.010881900787353516,0.01737499237060547,
0.010648012161254883,0.017879247665405273,
0.009081363677978516,0.01566600799560547,
0.01013803482055664,0.016925811767578125,
0.010272741317749023,0.04267120361328125,0.025922060012817383
0.010698795318603516,0.04607033729553223,0.0255587100982666
0.010030984878540039,0.04633760452270508,0.02633213996887207
0.008919239044189453,0.04636192321777344,0.02668452262878418
0.012256383895874023,0.050968170166015625,0.03037714958190918
0.009057044982910156,0.04509902000427246,0.02681708335876465
0.010997772216796875,0.04528617858886719,0.024775028228759766
0.010460615158081055,0.04615616798400879,0.026051998138427734
0.028737783432006836,0.06395697593688965,0.02514934539794922
0.009038925170898438,0.046912193298339844,0.027278423309326172
0.009409666061401367,0.04518461227416992,0.026612281799316406
0.011006832122802734,0.04638051986694336,0.02598261833190918
0.010858297348022461,0.05396127700805664,0.033568620681762695
0.011434316635131836,0.04530453681945801,0.02485370635986328
0.009901762008666992,0.046140432357788086,0.026385784149169922
0.00902700424194336,0.04590320587158203,0.02591705322265625
0.009325981140136719,0.045514583587646484,0.026956558227539062
0.03026723861694336,0.06545424461364746,0.026173114776611328
0.010331869125366211,0.04507136344909668,0.02577662467956543
0.010132312774658203,0.05039215087890625,0.030223846435546875
0.013653278350830078,0.05214858055114746,0.026964187622070312
0.010026931762695312,0.048531532287597656,0.027986764907836914
0.010164499282836914,0.047795772552490234,0.0276792049407959
0.028537511825561523,0.06391048431396484,0.024916887283325195
0.008650064468383789,0.04659557342529297,0.028258562088012695
0.009912490844726562,0.04528999328613281,0.026514291763305664
0.010427474975585938,0.04470205307006836,0.025075912475585938
0.008635520935058594,0.04459547996520996,0.02605891227722168
0.009301424026489258,0.0642850399017334,0.045940399169921875
0.009668827056884766,0.04551839828491211,0.02724599838256836
0.010898828506469727,0.046088218688964844,0.0258634090423584
0.010059118270874023,0.044849395751953125,0.025160551071166992
0.008492708206176758,0.04497480392456055,0.026929140090942383
0.010529518127441406,0.04464387893676758,0.024830341339111328
0.02913212776184082,0.06516742706298828,0.02588200569152832
0.010423898696899414,0.046340227127075195,0.026625394821166992
0.008846282958984375,0.04600405693054199,0.026615142822265625
0.009619712829589844,0.04454636573791504,0.026572227478027344
0.01037740707397461,0.04305219650268555,0.02417755126953125
0.009607315063476562,0.06503486633300781,0.046088218688964844
0.009115457534790039,0.04618358612060547,0.027669668197631836
0.010143041610717773,0.046212196350097656,0.027142047882080078
0.010799169540405273,0.04660224914550781,0.026354312896728516
0.010967731475830078,0.045384883880615234,0.024640321731567383
0.00961923599243164,0.045365095138549805,0.026105403900146484
0.028525352478027344,0.03774738311767578,
0.008400201797485352,0.01581406593322754,
0.008953332901000977,0.016733169555664062,
0.009274482727050781,0.016834735870361328,
0.00838613510131836,0.015371084213256836,
0.010108232498168945,0.016427993774414062,
0.009428977966308594,0.016291141510009766,
0.009697675704956055,0.016576528549194336,
0.008376598358154297,0.015246391296386719,
0.010231494903564453,0.01645064353942871,
0.009451866149902344,0.015642642974853516,
0.029372215270996094,0.03550076484680176,
0.009710550308227539,0.015996217727661133,
0.010593891143798828,0.017225980758666992,
0.00916290283203125,0.015332937240600586,
0.00898885726928711,0.015165328979492188,
0.010069608688354492,0.01630091667175293,
0.01014852523803711,0.01636791229248047,
0.010884284973144531,0.017302989959716797,
0.010948419570922852,0.01748824119567871,
0.010257244110107422,0.016563892364501953,
0.011879444122314453,0.01811361312866211,
0.030064105987548828,0.037131547927856445,
0.009766578674316406,0.01718759536743164,
0.009652853012084961,0.017581939697265625,
0.01344156265258789,0.02066969871520996,
0.01090693473815918,0.017425060272216797,
0.010340213775634766,0.016894817352294922,
0.011194229125976562,0.01784205436706543,
0.010584831237792969,0.01725935935974121,
0.010863065719604492,0.017481327056884766,
0.010342121124267578,0.017000913619995117,
0.011093616485595703,0.018231868743896484,
0.030642271041870117,0.03732872009277344,
0.009286642074584961,0.01639723777770996,
0.009160757064819336,0.016689538955688477,
0.00930023193359375,0.016320466995239258,
0.009851694107055664,0.016839027404785156,
0.008466720581054688,0.01584339141845703,
0.009902238845825195,0.017012834548950195,
0.010109663009643555,0.01752758026123047,
0.009760379791259766,0.016776323318481445,
0.009504318237304688,0.017242908477783203,
0.009483098983764648,0.01715564727783203,
0.030246734619140625,0.0379948616027832,
0.010932683944702148,0.017718076705932617,
0.011109352111816406,0.017771482467651367,
0.010564565658569336,0.01719975471496582,
0.010871648788452148,0.017424821853637695,
0.010592222213745117,0.017325878143310547,
0.01038050651550293,0.017013072967529297,
0.010118246078491211,0.016787290573120117,
0.009545326232910156,0.016182661056518555,
0.010565042495727539,0.01676177978515625,
0.013921022415161133,0.02022719383239746,
0.009880781173706055,0.017525196075439453,
0.031139373779296875,0.03893923759460449,
0.010731935501098633,0.017293691635131836,
0.014870166778564453,0.02185201644897461,
0.01087641716003418,0.01703166961669922,
0.009390592575073242,0.015909671783447266,
0.011124134063720703,0.017278671264648438,
0.011888980865478516,0.018454790115356445,
0.008883237838745117,0.015358209609985352,
0.009632349014282227,0.015661239624023438,
0.012420892715454102,0.018491268157958984,
0.009218692779541016,0.015961647033691406,
0.009298086166381836,0.016021728515625,
0.009084939956665039,0.015669584274291992,
0.009679794311523438,0.015967130661010742,
0.011035442352294922,0.017148733139038086,
0.015594005584716797,0.021843433380126953,
0.008339643478393555,0.01598954200744629,
0.009292364120483398,0.01642298698425293,
0.00946950912475586,0.01679253578186035,
0.00836491584777832,0.04185676574707031,0.02619147300720215
0.009981870651245117,0.04249930381774902,0.024187326431274414
0.0089263916015625,0.056426286697387695,0.03709840774536133
0.010345935821533203,0.043897151947021484,0.024790287017822266
0.009242534637451172,0.04631781578063965,0.02712392807006836
0.008718490600585938,0.04647946357727051,0.026297807693481445
0.009430885314941406,0.04567980766296387,0.026891231536865234
0.028845787048339844,0.06506705284118652,0.027254819869995117
0.010437965393066406,0.04413747787475586,0.02490067481994629
0.010177373886108398,0.04874444007873535,0.028433799743652344
0.00955510139465332,0.04619956016540527,0.02603459358215332
0.010606527328491211,0.04682731628417969,0.02675628662109375
0.009984731674194336,0.04297804832458496,0.02409195899963379
0.009354591369628906,0.04410839080810547,0.024883508682250977
0.008433818817138672,0.04462838172912598,0.026766061782836914
0.01015162467956543,0.04330897331237793,0.02445220947265625
0.029790163040161133,0.06558489799499512,0.02596592903137207
0.008202791213989258,0.04558157920837402,0.02675342559814453
0.008952617645263672,0.044669151306152344,0.026679039001464844
0.010833263397216797,0.04579591751098633,0.026393890380859375
0.010338306427001953,0.045767784118652344,0.02577519416809082
0.009548187255859375,0.04779934883117676,0.028313159942626953
0.02963852882385254,0.06540608406066895,0.025565624237060547
0.00893259048461914,0.04652571678161621,0.02875804901123047
0.011075019836425781,0.04652667045593262,0.02639913558959961
0.01045536994934082,0.044066667556762695,0.023598194122314453
0.00847172737121582,0.045171499252319336,0.02646470069885254
0.009393692016601562,0.06423044204711914,0.04501152038574219
0.010627985000610352,0.04958772659301758,0.0299835205078125
0.010241508483886719,0.0454862117767334,0.02604961395263672
0.010173559188842773,0.04412961006164551,0.024713754653930664
0.007955312728881836,0.0447998046875,0.026555299758911133
0.01011037826538086,0.04505109786987305,0.025851964950561523
0.028514862060546875,0.06378626823425293,0.02554464340209961
0.011543512344360352,0.04752206802368164,0.02604818344116211
0.010216712951660156,0.04601573944091797,0.02619338035583496
0.009229421615600586,0.04852628707885742,0.029914379119873047
0.00933074951171875,0.04583024978637695,0.02606034278869629
0.010603904724121094,0.06692266464233398,0.04765009880065918
0.010500669479370117,0.04833722114562988,0.027602672576904297
0.010530948638916016,0.04823565483093262,0.028804779052734375
0.010211944580078125,0.04380464553833008,0.025144338607788086
0.008442401885986328,0.04575681686401367,0.02714705467224121
0.00981450080871582,0.044677734375,0.026459217071533203
0.030052661895751953,0.06444811820983887,0.025500774383544922
0.010221481323242188,0.047452449798583984,0.028058290481567383
0.01040792465209961,0.04671788215637207,0.025669336318969727
0.008185863494873047,0.01873493194580078,
0.014325380325317383,0.0224459171295166,
0.010405778884887695,0.01708674430847168,
0.010214567184448242,0.016965866088867188,
0.01377248764038086,0.020434856414794922,
0.030064105987548828,0.03729724884033203,
0.008826017379760742,0.01623249053955078,
0.009951591491699219,0.01669621467590332,
0.009912490844726562,0.018125295639038086,
0.009908437728881836,0.016998767852783203,
0.010553121566772461,0.01774287223815918,
0.009005546569824219,0.016566991806030273,
0.009748697280883789,0.017483234405517578,
0.010518789291381836,0.0180819034576416,
0.010164737701416016,0.01751542091369629,
0.01052093505859375,0.017609834671020508,
0.029173612594604492,0.03624129295349121,
0.010454177856445312,0.01771259307861328,
0.010999679565429688,0.017261981964111328,
0.010936260223388672,0.01752614974975586,
0.010643243789672852,0.017201662063598633,
0.010230064392089844,0.016817092895507812,
0.010173320770263672,0.01651167869567871,
0.011917829513549805,0.018224000930786133,
0.010479927062988281,0.016842126846313477,
0.010149240493774414,0.016633033752441406,
0.010184526443481445,0.016779184341430664,
0.03060746192932129,0.03772854804992676,
0.010594606399536133,0.017922401428222656,
0.010145187377929688,0.017290830612182617,
0.01094675064086914,0.017620563507080078,
0.010215044021606445,0.017103195190429688,
0.010955810546875,0.017639875411987305,
0.010950565338134766,0.017761707305908203,
0.009842872619628906,0.01644420623779297,
0.010326862335205078,0.016910314559936523,
0.013581514358520508,0.020017147064208984,
0.010624408721923828,0.016842126846313477,
0.030854463577270508,0.03729510307312012,
0.009720802307128906,0.016762733459472656,
0.009672880172729492,0.017096757888793945,
0.008929967880249023,0.01648545265197754,
0.009820938110351562,0.017155170440673828,
0.009656906127929688,0.016901254653930664,
0.010040998458862305,0.017413616180419922,
0.009841203689575195,0.01743006706237793,
0.009461402893066406,0.016703367233276367,
0.010064840316772461,0.01778101921081543,
0.010166406631469727,0.01722574234008789,
0.010271787643432617,0.017011165618896484,
0.029201745986938477,0.03572440147399902,
0.010982751846313477,0.017465591430664062,
0.010735034942626953,0.016938209533691406,
0.010279655456542969,0.016876697540283203,
0.01104879379272461,0.04079842567443848,0.02332162857055664
0.008080005645751953,0.04359030723571777,0.025864839553833008
0.010234355926513672,0.04769110679626465,0.028562545776367188
0.010355472564697266,0.018466472625732422,
0.010984659194946289,0.01701831817626953,
0.011333465576171875,0.044779062271118164,0.02664971351623535
0.010071754455566406,0.04267692565917969,0.02311253547668457
0.009199380874633789,0.04638075828552246,0.027176380157470703
0.008513450622558594,0.05324578285217285,0.036382436752319336
0.009264230728149414,0.04627561569213867,0.02679920196533203
0.010032892227172852,0.04486989974975586,0.025848865509033203
0.010735034942626953,0.0460352897644043,0.026511669158935547
0.009462356567382812,0.046296119689941406,0.027297019958496094
0.008600711822509766,0.04907965660095215,0.030423641204833984
0.00861215591430664,0.04560399055480957,0.026371479034423828
0.00977778434753418,0.06307196617126465,0.0451052188873291
0.010153055191040039,0.04457592964172363,0.025017738342285156
0.010020732879638672,0.046947479248046875,0.026814937591552734
0.009652853012084961,0.0482640266418457,0.02819037437438965
0.008583545684814453,0.045676469802856445,0.027240991592407227
0.010784626007080078,0.04666399955749512,0.02695751190185547
0.011015176773071289,0.047902822494506836,0.027340412139892578
0.010553598403930664,0.04602837562561035,0.02638840675354004
0.011301755905151367,0.0477139949798584,0.025896310806274414
0.009217023849487305,0.0652303695678711,0.04590010643005371
0.009331226348876953,0.04496598243713379,0.026362895965576172
0.010447025299072266,0.047414302825927734,0.027788877487182617
0.010336637496948242,0.04308342933654785,0.024039745330810547
0.008716344833374023,0.04417705535888672,0.025717496871948242
0.010311126708984375,0.04501199722290039,0.026188135147094727
